run,tag,stage,status,floor,sim_s,wall_s,rtf,truth_samples,min_wall_m,path_length_m,straight_distance_m,path_ratio,in_place_rotations,in_place_rotation_deg,angular_sign_changes,stop_restarts,arrival_pos_err_m,arrival_yaw_err_rad,recovery_drive_on_heading,goal_rejected,recovery_wait,planner_fail,collision_ahead,recovery_backup,recovery_spin,controller_missed,lethal_start,costmap_clear,recoveries,rpm_blocks,ready_drops,true_pose,amcl_pose,kind,note,door_reopen,door_stall,wait_s,odom_jump_m,odom_jump_rad,cabin_rel_err_m,cabin_rel_err_rad,corner_min_wall_m,map_yaml,reloc_new_samples,reloc_pos_err_m,reloc_yaw_err_rad,reloc_cov_xx,reloc_cov_yy,reloc_cov_yaw,initialpose_err_m,initialpose_err_rad,reloc_tf_jump_m,reloc_tf_jump_rad,reloc_converge_s
20261008_2215_e2e_direct_P0_arm_r1,FINAL,F1_start_to_locker,SUCCEEDED,F1,123.49999999999999,135.66970531800052,0.9102990215134943,2471,0.41375947991785544,11.144613194277627,10.514706053604554,1.0599072515638355,1,19.681501907404126,4,0,0.3343811629132229,0.05435838860122311,0,0,0,0,0,0,0,0,0,0,0,0,0,"['F1', -4.971657400695057, -8.327852209583172, -1.744358388601223]","[-5.024772651238141, -8.459358326956792, -1.8238871466380115]",nav2,goal f1_locker,0,0,,,,,,,,,,,,,,,,,,
20261008_2215_e2e_direct_P0_arm_r1,FINAL,locker_load,COMPLETED,F1,5.400000000000006,5.932693371999449,0.9102105336315547,60,0.9717174818419173,0.00011663996031056477,4.85820102619461e-05,,0,0.0,0,0,,,0,0,0,0,0,0,0,0,0,0,0,0,0,"['F1', -4.971645857258115, -8.327814982998596, -1.741492121071135]","[-5.024772651238141, -8.459358326956792, -1.8238871466380115]",lift_parcel,"lift load: up={'lift_cycle_exit': 0, 'lift_pos_m': 0.3000557690166305, 'reached': True} parcel={'parcel_cmd': 'attach', 'parcel_state': 'attached', 'parcel_ok': True, 'attach_gap_m': 0.4613635557783388} down={'lift_cycle_exit': 0, 'lift_pos_m': 4.7720288983845063e-05, 'reached': True}; lift_cycle.py joint-position check; parcel attach/detach mock (no contact/load)",0,0,,,,,,,,,,,,,,,,,,
20261008_2215_e2e_direct_P0_arm_r1,FINAL,locker_to_F1_elevator_entry,SUCCEEDED,F1,135.1,148.8660933680003,0.9075270059383488,2701,0.39444473195951313,10.678195790132657,8.944408786351902,1.193840313562849,4,187.97304223699476,14,1,0.12132534272562345,0.09780381732445642,0,0,0,0,0,0,0,0,0,0,0,0,0,"['F1', -8.605371126668722, -0.15478190283486032, -2.3204688173244565]","[-8.622913304512656, -0.22860914493801024, -2.487727828853246]",nav2,goal f1_elevator_entry,0,0,,,,,,,,,,,,,,,,,,
20261008_2215_e2e_direct_P0_arm_r1,FINAL,F1_hall_button_arm,COMPLETED,F1,9.400000000000034,10.329642638998848,0.9100024394368675,188,0.9290486343312431,0.0005526985012669937,0.0005521554929107211,,0,0.0,0,0,,,0,0,0,0,0,0,0,0,0,0,0,0,0,"['F1', -8.605749244411413, -0.1551995879656817, -2.3158803842281466]","[-8.622913304512656, -0.22860914493801024, -2.487727828853246]",arm,"press cycle 1 (elevator_door_open_close) steps 7, pressed=True, stowed=True, tip(map,[가정 기하]) at press [-8.661, -0.52, 0.291]; PWM->angle·arm geometry [가정값], button contact not modelled",0,0,,,,,,,,,,,,,,,,,,
20261008_2215_e2e_direct_P0_arm_r1,FINAL,F1_call_wait_open,OPEN,F1,7.199999999999989,7.911944370000128,0.9100165096332536,144,0.9285270799788162,0.00046401783054660556,0.00046401777682266224,,0,0.0,0,0,,,0,0,0,0,0,0,0,0,0,0,0,0,0,"['F1', -8.606066101135436, -0.15554280272852622, -2.3162262845871124]","[-8.622913304512656, -0.22860914493801024, -2.487727828853246]",elevator,call F1; boarding starts only after door_state=open (CR-01),0,0,7.199999999999989,,,,,,,,,,,,,,,,,
20261008_2215_e2e_direct_P0_arm_r1,FINAL,F1_board,SUCCEEDED,F1,43.0,47.36755196299964,0.907794433488746,860,0.06859434497007712,2.466089846956814,2.4594989094665594,1.0026797887426933,1,171.5072007599286,1,0,0.020020413658383678,0.0264082666261497,0,0,0,0,0,0,0,0,0,0,0,0,0,"['F1', -10.159398050621146, -2.0624542382203215, 0.9453352666261498]","[-10.175329579855864, -2.125418579762987, 1.1837254440435527]",cabin_direct,simulated operator drive to f1_elevator_inside (not Nav2),0,0,,,,,,,,,,,,,,,,,,
20261008_2215_e2e_direct_P0_arm_r1,FINAL,F1_car_button_arm,COMPLETED,F1,9.400000000000034,10.364967224999418,0.9069010828445299,188,0.32038327765412117,0.00040015362749044837,0.00039986141492662523,,0,0.0,0,0,,,0,0,0,0,0,0,0,0,0,0,0,0,0,"['F1', -10.159153801790197, -2.062118027420906, 0.9498447433011836]","[-10.175329579855864, -2.125418579762987, 1.1837254440435527]",arm,"press cycle 2 (robot_left_button) steps 7, pressed=True, stowed=True, tip(map,[가정 기하]) at press [-10.312, -1.655, 0.291]; PWM->angle·arm geometry [가정값], button contact not modelled",0,0,,,,,,,,,,,,,,,,,,
20261008_2215_e2e_direct_P0_arm_r1,FINAL,ride_F1_to_F2,ARRIVED,F2,17.19999999999999,19.510931681999864,0.8815570819648831,344,0.32038327765412117,2.4160757072262915,2.415172196638988,1.000374097792514,0,0.0,0,0,,,0,0,0,0,0,0,0,0,0,0,0,0,0,"['F2', -12.464930395571756, -1.3430476703822456, -0.7987964522337337]","[-10.177964906797994, -2.1114031055250964, 1.0043967241102782]",elevator_ride,"robot floor F2; cabin-relative before [0.019, -0.005, 0.027]; carry {""from"": ""F1"", ""to"": ""F2"", ""stamp"": 359.9, ""src_map_pose"": [-10.159061369684133, -2.0619853467767824, 0.9498025152932615], ""cabin_relative"": [0.02001555757085605, -0.004774786905637228, 0.03087551529326149], ""dst_map_pose"": [-12.464994747674847, -1.3429809916516453, -0.7979734847067383]}",0,0,,0.005298161042288111,0.0011285362257451583,0.0006559717655341105,0.0035262285081409934,,,,,,,,,,,,,
20261008_2215_e2e_direct_P0_arm_r1,FINAL,map_switch_F2,READY,F2,0.7000000000000455,0.9280303550003737,0.7542856720454619,14,0.46832241317847967,2.0954823267898203e-05,2.0951217094242695e-05,,0,0.0,0,0,,,0,0,0,0,0,0,0,0,0,2,0,0,0,"['F2', -12.464914811174225, -1.3430638152096535, -0.7989886118019868]","[-10.177964906797994, -2.1114031055250964, 1.0043967241102782]",map_switch,"orchestrator {""current_floor"": ""F2"", ""error"": """", ""initialpose_sent"": true, ""map_loaded"": true, ""map_yaml"": ""/ros2_ws/maps/field/f2/f2_nav_unknown_v1.yaml"", ""mode"": ""auto_map_switch"", ""pending"": false, ""phase"": ""ready"", ""spawn_point_id"": ""elevator_inside"", ""target_floor"": ""F2""}",0,0,,,,,,,/ros2_ws/maps/field/f2/f2_nav_unknown_v1.yaml,,,,,,,,,,,
20261008_2215_e2e_direct_P0_arm_r1,FINAL,relocalize_F2,CONVERGED,F2,8.199999999999989,10.551178998000978,0.7771643341046112,164,0.4682116145297539,0.0002688035303364371,0.00026874115545406305,,0,0.0,0,0,,,0,0,0,0,0,0,0,0,0,0,0,0,0,"['F2', -12.464727261024137, -1.3432571408078506, -0.8010683503136631]","[-12.476932718224301, -1.3699162082956031, -0.7973642954159171]",relocalization,"criteria {""min_new_amcl_samples"": 5, ""position_error_max_m"": 0.25, ""yaw_error_max_rad"": 0.15, ""covariance_xy_max_m2"": 0.05, ""covariance_yaw_max_rad2"": 0.05, ""tf_stable_window_s"": 3.0, ""tf_stable_max_jump_m"": 0.05, ""tf_stable_max_jump_rad"": 0.05, ""timeout_s"": 60.0} [제안값]; all checks passed",0,0,,,,,,,,9,0.02933193434809151,0.003468992317316233,0.019691728405717868,0.021351076303119276,0.01995111799064225,0.06445949112930599,0.019735812362006055,0.03589058686419992,0.0056111980361234215,8.199999999999989
20261008_2215_e2e_direct_P0_arm_r1,FINAL,F2_exit,SUCCEEDED,F2,21.19999999999999,27.69952847500099,0.7653559886094499,424,0.18695430516633801,1.5831943386388312,1.5831834583249835,1.0000068724276965,0,0.0,0,0,0.0243039019580364,0.002723950015780407,0,0,0,0,0,0,0,0,0,0,0,0,0,"['F2', -11.391491908523136, -2.507147924388174, -0.8261250499842195]","[-11.508604462616958, -2.4742171672890447, -0.8469313538579857]",cabin_direct,simulated operator drive to f2_elevator_exit (not Nav2),0,0,,,,,,,,,,,,,,,,,,
20261008_2215_e2e_direct_P0_arm_r1,FINAL,F2_exit_to_delivery,SUCCEEDED,F2,227.39999999999998,296.49960747099976,0.7669487387845587,4549,0.11617096397995193,21.595696929549987,20.31588269977526,1.0629957481389123,0,0.0,21,0,0.10761495191944308,0.09584271260204469,0,0,0,0,0,0,0,0,0,0,0,0,0,"['F2', -24.64038059455268, -17.908512902767786, -2.492142712602045]","[-24.30570271306392, -17.73488572996638, -2.588581486819169]",nav2,goal f2_delivery_left_room4,0,0,,,,,,0.20323124599270964,,,,,,,,,,,,
20261008_2215_e2e_direct_P0_arm_r1,FINAL,delivery_unload,COMPLETED,F2,3.1000000000000227,4.012739902998874,0.7725394804889483,58,0.84386739621659,7.263599034445863e-05,7.244458675889229e-05,,0,0.0,0,0,,,0,0,0,0,0,0,0,0,0,0,0,0,0,"['F2', -24.640442832237767, -17.908560033548994, -2.492508110313399]","[-24.30570271306392, -17.73488572996638, -2.588581486819169]",lift_parcel,"lift unload: up={'lift_cycle_exit': 0, 'lift_pos_m': 0.29997703068816617, 'reached': True} parcel={'parcel_cmd': 'detach', 'parcel_state': 'placed', 'parcel_ok': True, 'attach_gap_m': 0.4613635557783388} down={'lift_cycle_exit': 0, 'lift_pos_m': 4.419671392420587e-07, 'reached': True}; lift_cycle.py joint-position check; parcel attach/detach mock (no contact/load)",0,0,,,,,,,,,,,,,,,,,,
20261008_2215_e2e_direct_P0_arm_r1,FINAL,delivery_to_F2_staging,SUCCEEDED,F2,225.29999999999995,286.11113583100087,0.7874562426436955,4506,0.3254882016810058,20.921641344318246,20.231942226191414,1.0340896148484438,2,133.12401320675798,37,0,0.23630856163726155,0.10928144599990519,0,0,0,0,0,0,0,0,0,0,0,0,0,"['F2', -10.946290780034843, -3.015553982421018, 2.2034625540000947]","[-11.072976833987536, -3.203714949931329, 2.2166353009003794]",nav2,goal f2_elevator_staging_v1,0,0,,,,,,0.34271397954695265,,,,,,,,,,,,
20261008_2215_e2e_direct_P0_arm_r1,FINAL,staging_to_F2_elevator_entry,SUCCEEDED,F2,11.400000000000091,14.454349776999152,0.7886899221257693,229,0.15220881297978828,0.579481794997173,0.5743643324208768,1.0089097847610535,1,18.26126962909639,1,0,0.15956171486611648,0.10757195419677767,0,0,0,0,0,0,0,0,0,0,0,0,0,"['F2', -11.216284967304745, -2.508584176914943, 2.2051720458032222]","[-11.330145772334369, -2.6828753920510526, 2.1036816025704326]",nav2,goal f2_elevator_entry,0,0,,,,,,,,,,,,,,,,,,
20261008_2215_e2e_direct_P0_arm_r1,FINAL,F2_hall_button_arm,COMPLETED,F2,9.5,11.921242042999438,0.7968968305260378,189,0.15151625289903237,0.00040577952576807463,0.00040480429094765956,,0,0.0,0,0,,,0,0,0,0,0,0,0,0,0,0,0,0,0,"['F2', -11.216545125562476, -2.5082524646026143, 2.207475526641276]","[-11.330145772334369, -2.6828753920510526, 2.1036816025704326]",arm,"press cycle 1 (elevator_door_open_close) steps 7, pressed=True, stowed=True, tip(map,[가정 기하]) at press [-11.564, -2.385, 0.291]; PWM->angle·arm geometry [가정값], button contact not modelled",0,0,,,,,,,,,,,,,,,,,,
20261008_2215_e2e_direct_P0_arm_r1,FINAL,F2_call_wait_open,OPEN,F2,0.0,3.0867999157635495e-05,0.0,0,,,,,,,,,,,0,0,0,0,0,0,0,0,0,0,0,0,0,"['F2', -11.216545125562476, -2.5082524646026143, 2.207475526641276]","[-11.330145772334369, -2.6828753920510526, 2.1036816025704326]",elevator,call F2; boarding starts only after door_state=open (CR-01),0,0,0.0,,,,,,,,,,,,,,,,,
20261008_2215_e2e_direct_P0_arm_r1,FINAL,F2_board,SUCCEEDED,F2,33.799999999999955,42.45845184300015,0.796072360927883,678,0.08443397240421036,1.7181303458844834,1.7102312766295018,1.004618714066877,1,169.12575840602,0,0,0.01784154856845094,0.027540760820079058,0,0,0,0,0,0,0,0,0,0,0,0,0,"['F2', -12.46590653844143, -1.3403502381806673, -0.856389760820079]","[-12.47116502557149, -1.3947898890836556, -1.1246166023809685]",cabin_direct,simulated operator drive to f2_elevator_inside (not Nav2),0,0,,,,,,,,,,,,,,,,,,
20261008_2215_e2e_direct_P0_arm_r1,FINAL,F2_car_button_arm,COMPLETED,F2,9.5,11.848947050999413,0.8017590051766423,190,0.45396212638934114,0.0002720953032045086,0.0002716177652051947,,0,0.0,0,0,,,0,0,0,0,0,0,0,0,0,0,0,0,0,"['F2', -12.465723740689086, -1.340570226419831, -0.8539254839391028]","[-12.47116502557149, -1.3947898890836556, -1.1246166023809685]",arm,"press cycle 2 (robot_left_button) steps 7, pressed=True, stowed=True, tip(map,[가정 기하]) at press [-12.034, -1.285, 0.291]; PWM->angle·arm geometry [가정값], button contact not modelled",0,0,,,,,,,,,,,,,,,,,,
20261008_2215_e2e_direct_P0_arm_r1,FINAL,ride_F2_to_F1,ARRIVED,F1,17.299999999999955,21.116778120000163,0.8192537659717486,346,0.31280938868158864,2.4154634652156264,2.415341277788261,1.000050588059124,0,0.0,0,0,,,0,0,0,0,0,0,0,0,0,0,0,0,0,"['F1', -10.161183313145811, -2.0629700841196446, 0.8928228762693944]","[-12.467027843251582, -1.380793809269995, -0.9702216920342022]",elevator_ride,"robot floor F1; cabin-relative before [0.017, -0.004, -0.028]; carry {""from"": ""F2"", ""to"": ""F1"", ""stamp"": 918.3, ""src_map_pose"": [-12.465653216601112, -1.3406474275820413, -0.8547968373845104], ""cabin_relative"": [0.017850417549099235, -0.0036833331594850367, -0.025947837384510453], ""dst_map_pose"": [-10.161242555108526, -2.063044371204366, 0.8929791626154897]}",0,0,,0.005404031745803471,0.001652976665550643,0.0004727637776921334,0.0015301404578232927,,,,,,,,,,,,,
20261008_2215_e2e_direct_P0_arm_r1,FINAL,map_switch_F1,READY,F1,0.7000000000000455,0.7737961820002965,0.9046309820119753,14,0.31287909434621336,2.0967220974505313e-05,2.0966744913849092e-05,,0,0.0,0,0,,,0,0,0,0,0,0,0,0,0,2,0,0,0,"['F1', -10.161169234743467, -2.0629526303826493, 0.8927835889269679]","[-12.467027843251582, -1.380793809269995, -0.9702216920342022]",map_switch,"orchestrator {""current_floor"": ""F1"", ""error"": """", ""initialpose_sent"": true, ""map_loaded"": true, ""map_yaml"": ""/ros2_ws/maps/field/f1/f1_manual_clean_v3.yaml"", ""mode"": ""auto_map_switch"", ""pending"": false, ""phase"": ""ready"", ""spawn_point_id"": ""elevator_inside"", ""target_floor"": ""F1""}",0,0,,,,,,,/ros2_ws/maps/field/f1/f1_manual_clean_v3.yaml,,,,,,,,,,,
20261008_2215_e2e_direct_P0_arm_r1,FINAL,relocalize_F1,CONVERGED,F1,5.0,5.557588159999796,0.8996708385099524,102,0.3128964348759224,0.00016972121349178047,0.00016968578419166065,,0,0.0,0,0,,,0,0,0,0,0,0,0,0,0,0,0,0,0,"['F1', -10.161061779335716, -2.0628193584044228, 0.892596722003799]","[-10.219036062496707, -2.118924001941014, 0.9165257845807946]",relocalization,"criteria {""min_new_amcl_samples"": 5, ""position_error_max_m"": 0.25, ""yaw_error_max_rad"": 0.15, ""covariance_xy_max_m2"": 0.05, ""covariance_yaw_max_rad2"": 0.05, ""tf_stable_window_s"": 3.0, ""tf_stable_max_jump_m"": 0.05, ""tf_stable_max_jump_rad"": 0.05, ""timeout_s"": 60.0} [제안값]; all checks passed",0,0,,,,,,,,6,0.0806457843397416,0.023904545867644122,0.029953394289563562,0.02368653187730896,0.03182714509868327,0.025094605900514103,0.02575835108963842,0.04837413789534746,0.0022355533182777387,5.0
20261008_2215_e2e_direct_P0_arm_r1,FINAL,F1_exit,SUCCEEDED,F1,31.100000000000023,33.93910390900055,0.9163471163937359,620,0.11200270099529758,2.346014421482512,2.3459949127764577,1.0000083157495132,0,0.0,0,0,0.02595107002288053,0.0034619383801448578,0,0,0,0,0,0,0,0,0,0,0,0,0,"['F1', -8.740697245432992, -0.19566529750932335, 0.9223889383801449]","[-8.992538675714924, -0.5200460811026916, 0.9530328852809408]",cabin_direct,simulated operator drive to f1_elevator_exit (not Nav2),1,0,,,,,,,,,,,,,,,,,,
20261008_2215_e2e_direct_P0_arm_r1,FINAL,F1_exit_to_start,SUCCEEDED,F1,63.60000000000002,69.35829391399966,0.9169775727018373,1273,0.3784410248095568,4.909982339087672,4.788964811927926,1.0252700806776291,1,129.73744737328505,6,0,0.16515183964386912,0.03374661800155443,0,0,0,0,0,0,0,0,0,0,0,0,0,"['F1', -4.492900898528279, 2.015766531486136, -1.6672533819984456]","[-4.570480527893621, 2.002965524917976, -1.5894622563722642]",nav2,goal f1_initial_test,0,0,,,,,,,,,,,,,,,,,,
20261008_2215_e2e_direct_P0_r2,FINAL,F1_start_to_locker,SUCCEEDED,F1,121.8,133.53742219200012,0.9121038732114803,2436,0.41893095550786874,11.1522677963919,10.525656827696457,1.059531768796283,1,23.63139797828008,6,0,0.3164072535681219,0.04529869714412893,0,0,0,0,0,0,0,0,0,0,0,0,0,"['F1', -4.993149183686269, -8.337373658459583, -1.7352986971441289]","[-5.037350401578231, -8.472366948383442, -1.9409881207040511]",nav2,goal f1_locker,0,0,,,,,,,,,,,,,,,,,,
20261008_2215_e2e_direct_P0_r2,FINAL,locker_load,MARKED,F1,2.0,2.1385635779997756,0.9352071739062461,40,0.9521279501520824,7.256654942859277e-05,7.084594823287865e-05,,0,0.0,0,0,,,0,0,0,0,0,0,0,0,0,0,0,0,0,"['F1', -4.993167885372063, -8.337474492126214, -1.7323877717021403]","[-5.037350401578231, -8.472366948383442, -1.9409881207040511]",payload,payload=loaded (marker only; arm/lift not simulated),0,0,,,,,,,,,,,,,,,,,,
20261008_2215_e2e_direct_P0_r2,FINAL,locker_to_F1_elevator_entry,SUCCEEDED,F1,131.4,144.7824612859995,0.907568491603661,2629,0.436829912431019,10.71744258484289,8.981525393396737,1.1932764330569514,3,170.63038574351705,18,0,0.14681916093218106,0.07017879773356217,0,0,0,0,0,0,0,0,0,0,0,0,0,"['F1', -8.593728039978563, -0.10924638010755557, -2.2928437977335623]","[-8.540947783427358, -0.1989694402473444, -2.309441559739865]",nav2,goal f1_elevator_entry,0,0,,,,,,,,,,,,,,,,,,
20261008_2215_e2e_direct_P0_r2,FINAL,F1_call_wait_open,OPEN,F1,11.699999999999989,12.760058036001283,0.9169237292643622,233,0.9800598040971602,0.0006455312174585176,0.000645488300091061,,0,0.0,0,0,,,0,0,0,0,0,0,0,0,0,0,0,0,0,"['F1', -8.594146582878697, -0.10974124485931863, -2.286264376017481]","[-8.540947783427358, -0.1989694402473444, -2.309441559739865]",elevator,call F1; boarding starts only after door_state=open (CR-01),0,0,11.699999999999989,,,,,,,,,,,,,,,,,
20261008_2215_e2e_direct_P0_r2,FINAL,F1_board,SUCCEEDED,F1,43.69999999999999,48.120740303000275,0.9081323297363183,875,0.07889352601965743,2.5079488428349803,2.500215154556906,1.0030932091040161,1,170.64471226554707,0,0,0.022377596804450384,0.01739488352071994,0,0,0,0,0,0,0,0,0,0,0,0,0,"['F1', -10.157865601677415, -2.060606625382993, 0.93632188352072]","[-10.175293366792154, -2.0914001294707143, 1.1833746551238982]",cabin_direct,simulated operator drive to f1_elevator_inside (not Nav2),0,0,,,,,,,,,,,,,,,,,,
20261008_2215_e2e_direct_P0_r2,FINAL,ride_F1_to_F2,ARRIVED,F2,12.099999999999966,13.730323812000279,0.8812610806326787,241,0.3214512236293335,2.414744833469411,2.4145202099373657,1.0000930302969182,0,0.0,0,0,,,0,0,0,0,0,0,0,0,0,0,0,0,0,"['F2', -12.463748194214872, -1.3444963269555257, -0.8057078682360022]","[-10.190739558682399, -2.076843815606314, 0.9846788794515405]",elevator_ride,"robot floor F2; cabin-relative before [0.022, -0.005, 0.018]; carry {""from"": ""F1"", ""to"": ""F2"", ""stamp"": 340.4, ""src_map_pose"": [-10.15781558391607, -2.060529210451832, 0.9421246889646778], ""cabin_relative"": [0.02192889996662055, -0.004881726390015169, 0.023197688964677776], ""dst_map_pose"": [-12.463780685891736, -1.3444636814922866, -0.8056513110353222]}",0,0,,0.004326342808386784,0.0024698719519613554,0.0001367801299947058,0.005356028935650015,,,,,,,,,,,,,
20261008_2215_e2e_direct_P0_r2,FINAL,map_switch_F2,READY,F2,0.6000000000000227,0.7926154689994291,0.75698749704878,12,0.46892411117524535,9.046961417272579e-06,8.85224211687167e-06,,0,0.0,0,0,,,0,0,0,0,0,0,0,0,0,2,0,0,0,"['F2', -12.463741032432438, -1.3445038064912105, -0.8057399323372665]","[-10.190739558682399, -2.076843815606314, 0.9846788794515405]",map_switch,"orchestrator {""current_floor"": ""F2"", ""error"": """", ""initialpose_sent"": true, ""map_loaded"": true, ""map_yaml"": ""/ros2_ws/maps/field/f2/f2_nav_unknown_v1.yaml"", ""mode"": ""auto_map_switch"", ""pending"": false, ""phase"": ""ready"", ""spawn_point_id"": ""elevator_inside"", ""target_floor"": ""F2""}",0,0,,,,,,,/ros2_ws/maps/field/f2/f2_nav_unknown_v1.yaml,,,,,,,,,,,
20261008_2215_e2e_direct_P0_r2,FINAL,relocalize_F2,CONVERGED,F2,8.399999999999977,10.814525384999797,0.7767331159674498,169,0.4689276560922168,0.0001633582200866414,0.00016309050374080448,,0,0.0,0,0,,,0,0,0,0,0,0,0,0,0,0,0,0,0,"['F2', -12.463627438407343, -1.3446224531900355, -0.8060713341498511]","[-12.477875587116234, -1.371677663957661, -0.8106194931034065]",relocalization,"criteria {""min_new_amcl_samples"": 5, ""position_error_max_m"": 0.25, ""yaw_error_max_rad"": 0.15, ""covariance_xy_max_m2"": 0.05, ""covariance_yaw_max_rad2"": 0.05, ""tf_stable_window_s"": 3.0, ""tf_stable_max_jump_m"": 0.05, ""tf_stable_max_jump_rad"": 0.05, ""timeout_s"": 60.0} [제안값]; all checks passed",0,0,,,,,,,,9,0.03058437803149866,0.0045746513697996205,0.019689849538792714,0.022481930057935973,0.02826364632898766,0.06697090795337991,0.018006938521531457,0.04021059522012101,0.010680327702556669,8.399999999999977
20261008_2215_e2e_direct_P0_r2,FINAL,F2_exit,SUCCEEDED,F2,21.200000000000045,27.345616031001555,0.775261379226774,423,0.18694886667094276,1.5776851625423327,1.577671510094013,1.0000086535430426,0,0.0,0,0,0.0280667215505054,0.0017642023614933278,0,0,0,0,0,0,0,0,0,0,0,0,0,"['F2', -11.394021167216309, -2.5043617816582238, -0.8270847976385066]","[-11.52958233146911, -2.375763581415898, -0.8263453006737659]",cabin_direct,simulated operator drive to f2_elevator_exit (not Nav2),0,0,,,,,,,,,,,,,,,,,,
20261008_2215_e2e_direct_P0_r2,FINAL,F2_exit_to_delivery,SUCCEEDED,F2,225.29999999999995,293.82798222899874,0.7667751665136148,4506,0.12299372354385954,21.571776248607765,20.300490907981708,1.0626233792270618,0,0.0,24,0,0.12659836923999898,0.10218867244782937,0,0,0,0,0,0,0,0,0,0,0,0,0,"['F2', -24.618707265184185, -17.9062322632363, -2.4984886724478295]","[-24.42925355940601, -17.780407872094678, -2.585563978188912]",nav2,goal f2_delivery_left_room4,0,0,,,,,,0.19272124358720785,,,,,,,,,,,,
20261008_2215_e2e_direct_P0_r2,FINAL,delivery_unload,MARKED,F2,2.0,2.5318484049985273,0.7899367102909794,40,0.8395470622181568,4.687155651869225e-05,4.6856326707247064e-05,,0,0.0,0,0,,,0,0,0,0,0,0,0,0,0,0,0,0,0,"['F2', -24.61874586164454, -17.906261144216927, -2.4982548527822748]","[-24.42925355940601, -17.780407872094678, -2.585563978188912]",payload,payload=unloaded (marker only; arm/lift not simulated),0,0,,,,,,,,,,,,,,,,,,
20261008_2215_e2e_direct_P0_r2,FINAL,delivery_to_F2_staging,SUCCEEDED,F2,225.39999999999998,286.76827244700144,0.786000480724927,4509,0.3466948241343561,20.86498665924556,20.18444937082072,1.033715920405966,1,125.70379639121812,23,0,0.2229080857532572,0.1148534728318653,0,0,0,0,0,0,0,0,0,0,0,0,0,"['F2', -10.953352099947566, -3.0513309675625053, 2.1978905271681346]","[-11.062442148596677, -3.2471414770856013, 2.065353097542996]",nav2,goal f2_elevator_staging_v1,0,0,,,,,,0.3466948241343561,,,,,,,,,,,,
20261008_2215_e2e_direct_P0_r2,FINAL,staging_to_F2_elevator_entry,SUCCEEDED,F2,11.700000000000045,14.848615557999437,0.78795224741992,234,0.15500414077573144,0.6104541522956338,0.6073675402013937,1.0050819510262545,1,15.438129909709273,1,0,0.1304062391616362,0.061531021076850045,0,0,0,0,0,0,0,0,0,0,0,0,0,"['F2', -11.2447592665834, -2.5184320040051613, 2.25121297892315]","[-11.315949571264191, -2.671567374531487, 2.0824860168904267]",nav2,goal f2_elevator_entry,0,0,,,,,,0.6225159826980048,,,,,,,,,,,,
20261008_2215_e2e_direct_P0_r2,FINAL,F2_call_wait_open,OPEN,F2,3.6000000000000227,4.495460730999184,0.8008077960008936,71,0.15448061276745406,0.00014928762968551015,0.00014860958174889047,,0,0.0,0,0,,,0,0,0,0,0,0,0,0,0,0,0,0,0,"['F2', -11.244868916685391, -2.518309602426337, 2.253900586325611]","[-11.315949571264191, -2.671567374531487, 2.0824860168904267]",elevator,call F2; boarding starts only after door_state=open (CR-01),0,0,3.6000000000000227,,,,,,,,,,,,,,,,,
20261008_2215_e2e_direct_P0_r2,FINAL,F2_board,SUCCEEDED,F2,33.19999999999993,41.72557538900037,0.7956750671616158,664,0.10491613075972463,1.70358987413296,1.6963631891907867,1.0042601047866528,1,169.12141108384085,0,0,0.01816520234241692,0.018704574199699397,0,0,0,0,0,0,0,0,0,0,0,0,0,"['F2', -12.465922957785068, -1.3407347348490306, -0.8475535741996993]","[-12.45607454922916, -1.3700007167668073, -1.096984005236748]",cabin_direct,simulated operator drive to f2_elevator_inside (not Nav2),0,0,,,,,,,,,,,,,,,,,,
20261008_2215_e2e_direct_P0_r2,FINAL,ride_F2_to_F1,ARRIVED,F1,12.099999999999909,14.594336619000387,0.8290887291339369,242,0.31385466891626396,2.415582100909326,2.415435979956716,1.0000604946493397,0,0.0,0,0,,,0,0,0,0,0,0,0,0,0,0,0,0,0,"['F1', -10.161080437190924, -2.0632455808971817, 0.9054332891180135]","[-12.447579961437473, -1.3714326336453817, -0.9764796760813014]",elevator_ride,"robot floor F1; cabin-relative before [0.018, -0.004, -0.018]; carry {""from"": ""F2"", ""to"": ""F1"", ""stamp"": 884.3, ""src_map_pose"": [-12.465927816480274, -1.3407204897640574, -0.8427728453952064], ""cabin_relative"": [0.017718721722924, -0.003935125505367557, -0.013923845395206413], ""dst_map_pose"": [-10.161122288868137, -2.0633018186893017, 0.9050031546047936]}",0,0,,0.004369996186486935,0.002932252081399689,6.016914199550398e-05,0.00484499381074299,,,,,,,,,,,,,
20261008_2215_e2e_direct_P0_r2,FINAL,map_switch_F1,READY,F1,0.7000000000000455,0.761356541999703,0.9194115521244428,14,0.31396069211893674,1.664365623712307e-05,1.664140257616056e-05,,0,0.0,0,0,,,0,0,0,0,0,0,0,0,0,2,0,0,0,"['F1', -10.161069849345594, -2.063232066223323, 0.9054996898898543]","[-12.447579961437473, -1.3714326336453817, -0.9764796760813014]",map_switch,"orchestrator {""current_floor"": ""F1"", ""error"": """", ""initialpose_sent"": true, ""map_loaded"": true, ""map_yaml"": ""/ros2_ws/maps/field/f1/f1_manual_clean_v3.yaml"", ""mode"": ""auto_map_switch"", ""pending"": false, ""phase"": ""ready"", ""spawn_point_id"": ""elevator_inside"", ""target_floor"": ""F1""}",0,0,,,,,,,/ros2_ws/maps/field/f1/f1_manual_clean_v3.yaml,,,,,,,,,,,
20261008_2215_e2e_direct_P0_r2,FINAL,relocalize_F1,CONVERGED,F1,5.2999999999999545,5.822697043999142,0.9102311111072011,106,0.31398510658097734,0.00014596742912022608,0.00014592907350727518,,0,0.0,0,0,,,0,0,0,0,0,0,0,0,0,0,0,0,0,"['F1', -10.16097885144012, -2.063116157217486, 0.9060339676770833]","[-10.196357638885237, -2.1325062741218668, 0.954582373193025]",relocalization,"criteria {""min_new_amcl_samples"": 5, ""position_error_max_m"": 0.25, ""yaw_error_max_rad"": 0.15, ""covariance_xy_max_m2"": 0.05, ""covariance_yaw_max_rad2"": 0.05, ""tf_stable_window_s"": 3.0, ""tf_stable_max_jump_m"": 0.05, ""tf_stable_max_jump_rad"": 0.05, ""timeout_s"": 60.0} [제안값]; all checks passed",0,0,,,,,,,,7,0.07788473017590884,0.04856114706036896,0.02415198255754092,0.018233210873070504,0.03071195376407152,0.01897134620534742,0.015909321072894774,0.026766013178826223,0.01116548168917808,5.2999999999999545
20261008_2215_e2e_direct_P0_r2,FINAL,F1_exit,SUCCEEDED,F1,30.90000000000009,33.79635735899865,0.9142997179183463,619,0.11221776630677303,2.3446334722573536,2.344629366303492,1.0000017512165977,0,0.0,0,0,0.02750379194675512,0.0027311562522457367,0,0,0,0,0,0,0,0,0,0,0,0,0,"['F1', -8.741649904956335, -0.19689153344093113, 0.9216581562522458]","[-8.86001134295122, -0.34315154408844817, 0.9471264917608356]",cabin_direct,simulated operator drive to f1_elevator_exit (not Nav2),1,0,,,,,,,,,,,,,,,,,,
20261008_2215_e2e_direct_P0_r2,FINAL,F1_exit_to_start,SUCCEEDED,F1,64.39999999999998,70.28478062400063,0.9162723341845199,1287,0.3841264307011865,4.882470828807236,4.777396646091058,1.0219940253029127,1,130.70351863781175,10,0,0.1994113224246676,0.03817217441556697,0,0,0,0,0,0,0,0,0,0,0,0,0,"['F1', -4.489853629902631, 1.98158506297269, -1.662827825584433]","[-4.560719507031178, 1.9867379230471467, -1.6330158559950079]",nav2,goal f1_initial_test,0,0,,,,,,,,,,,,,,,,,,
20261008_2215_e2e_direct_P0_r3,FINAL,F1_start_to_locker,SUCCEEDED,F1,120.3,132.06062244700024,0.9109452747603085,2408,0.4189298179469201,11.140525619696698,10.594402646271085,1.0515482554004902,1,22.774836493116972,6,0,0.25302774732148847,0.04750850536349072,0,0,0,0,0,0,0,0,0,0,0,0,0,"['F1', -4.998356131610777, -8.40594664687798, -1.7375085053634907]","[-5.0023489260876906, -8.419442272886387, -1.9047481172982803]",nav2,goal f1_locker,0,0,,,,,,,,,,,,,,,,,,
20261008_2215_e2e_direct_P0_r3,FINAL,locker_load,MARKED,F1,2.0,2.087365299999874,0.9581456585486597,38,0.9740988349272771,6.592998553109144e-05,6.581677145097143e-05,,0,0.0,0,0,,,0,0,0,0,0,0,0,0,0,0,0,0,0,"['F1', -4.998368104690483, -8.406012728143745, -1.7357800522769422]","[-5.0023489260876906, -8.419442272886387, -1.9047481172982803]",payload,payload=loaded (marker only; arm/lift not simulated),0,0,,,,,,,,,,,,,,,,,,
20261008_2215_e2e_direct_P0_r3,FINAL,locker_to_F1_elevator_entry,SUCCEEDED,F1,132.89999999999998,146.4260101129994,0.9076256322045436,2659,0.3825001261082459,10.75828268065096,9.043729930503309,1.1895846916397506,2,166.2381616645807,12,0,0.13573186332975296,0.0854921090982601,0,0,0,0,0,0,0,0,0,0,0,0,0,"['F1', -8.604574802015781, -0.11238282652954903, -2.30815710909826]","[-8.564614179031663, -0.23787398903882748, -2.2875496561455217]",nav2,goal f1_elevator_entry,0,0,,,,,,,,,,,,,,,,,,
20261008_2215_e2e_direct_P0_r3,FINAL,F1_call_wait_open,OPEN,F1,11.600000000000023,12.652970381001069,0.9167807756365159,231,0.9692161065535398,0.0006728347974570978,0.000672269234263786,,0,0.0,0,0,,,0,0,0,0,0,0,0,0,0,0,0,0,0,"['F1', -8.605026416165561, -0.11290515971345413, -2.3015522470610565]","[-8.564614179031663, -0.23787398903882748, -2.2875496561455217]",elevator,call F1; boarding starts only after door_state=open (CR-01),0,0,11.600000000000023,,,,,,,,,,,,,,,,,
20261008_2215_e2e_direct_P0_r3,FINAL,F1_board,SUCCEEDED,F1,43.69999999999999,48.12001018100091,0.9081461087731428,874,0.08327236614223708,2.5007693690945745,2.4926560178346957,1.0032549020810848,1,171.03179391712274,1,0,0.02068154436392596,0.017479844120506405,0,0,0,0,0,0,0,0,0,0,0,0,0,"['F1', -10.159027916695836, -2.061861551377661, 0.9364068441205065]","[-10.190565627306528, -2.1273293260925086, 0.959189548250085]",cabin_direct,simulated operator drive to f1_elevator_inside (not Nav2),0,0,,,,,,,,,,,,,,,,,,
20261008_2215_e2e_direct_P0_r3,FINAL,ride_F1_to_F2,ARRIVED,F2,12.099999999999966,13.769071906001045,0.8787810887040514,241,0.3198614375527648,2.415395621730615,2.4151699412943715,1.0000934428805133,0,0.0,0,0,,,0,0,0,0,0,0,0,0,0,0,0,0,0,"['F2', -12.464776196963626, -1.3431345372644823, -0.8058348369836545]","[-10.194764373090203, -2.0967232721487132, 0.9435930123843841]",elevator_ride,"robot floor F2; cabin-relative before [0.02, -0.005, 0.018]; carry {""from"": ""F1"", ""to"": ""F2"", ""stamp"": 340.2, ""src_map_pose"": [-10.158976118192745, -2.0617820054476135, 0.942027471195367], ""cabin_relative"": [0.020228923807298765, -0.004719195880477346, 0.023100471195366956], ""dst_map_pose"": [-12.464809591692596, -1.343100711220508, -0.805748528804633]}",0,0,,0.004311548208002459,0.0023594077513475753,0.00014183992403112396,0.005102596643364991,,,,,,,,,,,,,
20261008_2215_e2e_direct_P0_r3,FINAL,map_switch_F2,READY,F2,0.6000000000000227,0.8033138310001959,0.7469060992675431,12,0.467205402198594,8.878094809198866e-06,8.866154173256955e-06,,0,0.0,0,0,,,0,0,0,0,0,0,0,0,0,2,0,0,0,"['F2', -12.464769330894356, -1.3431417256789624, -0.8058664108502491]","[-10.194764373090203, -2.0967232721487132, 0.9435930123843841]",map_switch,"orchestrator {""current_floor"": ""F2"", ""error"": """", ""initialpose_sent"": true, ""map_loaded"": true, ""map_yaml"": ""/ros2_ws/maps/field/f2/f2_nav_unknown_v1.yaml"", ""mode"": ""auto_map_switch"", ""pending"": false, ""phase"": ""ready"", ""spawn_point_id"": ""elevator_inside"", ""target_floor"": ""F2""}",0,0,,,,,,,/ros2_ws/maps/field/f2/f2_nav_unknown_v1.yaml,,,,,,,,,,,
20261008_2215_e2e_direct_P0_r3,FINAL,relocalize_F2,CONVERGED,F2,4.300000000000011,5.556243443999847,0.7739041752469566,87,0.4672097588647136,7.817057416446016e-05,7.813679475428003e-05,,0,0.0,0,0,,,0,0,0,0,0,0,0,0,0,0,0,0,0,"['F2', -12.464714513820581, -1.343199037398461, -0.8060742675333975]","[-12.438903976850956, -1.4295355520958364, -0.8397898867468893]",relocalization,"criteria {""min_new_amcl_samples"": 5, ""position_error_max_m"": 0.25, ""yaw_error_max_rad"": 0.15, ""covariance_xy_max_m2"": 0.05, ""covariance_yaw_max_rad2"": 0.05, ""tf_stable_window_s"": 3.0, ""tf_stable_max_jump_m"": 0.05, ""tf_stable_max_jump_rad"": 0.05, ""timeout_s"": 60.0} [제안값]; all checks passed",0,0,,,,,,,,6,0.09011711421862566,0.03372545683315942,0.043653975005696566,0.048935054348331786,0.039372827287086375,0.06687596340763284,0.02147698771893758,0.030602097309674982,0.011580223213637608,4.300000000000011
20261008_2215_e2e_direct_P0_r3,FINAL,F2_exit,SUCCEEDED,F2,21.299999999999955,27.51531353500104,0.7741143844465063,425,0.18699547474262768,1.5806138037209154,1.5806068549566024,1.000004396263556,0,0.0,0,0,0.026915740101114718,0.0016346421572489558,0,0,0,0,0,0,0,0,0,0,0,0,0,"['F2', -11.39323908305822, -2.50520624051914, -0.827214357842751]","[-11.587827743827845, -2.379590946479938, -0.838599845136155]",cabin_direct,simulated operator drive to f2_elevator_exit (not Nav2),0,0,,,,,,,,,,,,,,,,,,
20261008_2215_e2e_direct_P0_r3,FINAL,F2_exit_to_delivery,SUCCEEDED,F2,225.5,295.3800953640002,0.7634231403511256,4512,0.11821080280209594,21.60936329527219,20.354531162727866,1.0616487858409682,0,0.0,19,0,0.06773439679741,0.12069975924296994,0,0,0,0,0,0,0,0,0,0,0,0,0,"['F2', -24.675152127766196, -17.92914001588235, -2.51699975924297]","[-24.505756821087065, -17.825503690207366, -2.55344020001358]",nav2,goal f2_delivery_left_room4,0,0,,,,,,0.19637912475830924,,,,,,,,,,,,
20261008_2215_e2e_direct_P0_r3,FINAL,delivery_unload,MARKED,F2,2.0,2.4207615790001,0.8261862784628726,38,0.8712590647722503,4.8437914274026635e-05,4.842102917670586e-05,,0,0.0,0,0,,,0,0,0,0,0,0,0,0,0,0,0,0,0,"['F2', -24.67519186577867, -17.929168764752895, -2.5167805945151085]","[-24.505756821087065, -17.825503690207366, -2.55344020001358]",payload,payload=unloaded (marker only; arm/lift not simulated),0,0,,,,,,,,,,,,,,,,,,
20261008_2215_e2e_direct_P0_r3,FINAL,delivery_to_F2_staging,SUCCEEDED,F2,226.70000000000005,289.9689079609998,0.7818079586328984,4536,0.3339211842518655,21.026147314925453,20.268699087369274,1.0373703425311689,1,125.00923118839474,21,0,0.22727337639874665,0.12484113371477255,0,0,0,0,0,0,0,0,0,0,0,0,0,"['F2', -10.958011614360288, -3.0074039341591714, 2.1879028662852273]","[-11.03017619177882, -3.3683632084431174, 2.07885418885356]",nav2,goal f2_elevator_staging_v1,0,0,,,,,,0.342652220708174,,,,,,,,,,,,
20261008_2215_e2e_direct_P0_r3,FINAL,staging_to_F2_elevator_entry,SUCCEEDED,F2,11.699999999999932,14.815320846000759,0.7897230253476573,232,0.1299505326570931,0.5834441330697137,0.5796871939155819,1.0064809766259541,1,19.330345097574746,1,0,0.15153518013210268,0.05901438027005357,0,0,0,0,0,0,0,0,0,0,0,0,0,"['F2', -11.226721205679567, -2.493754040700475, 2.2537296197299463]","[-11.325825544995213, -2.694176807182672, 2.1337544126927352]",nav2,goal f2_elevator_entry,0,0,,,,,,0.6988242254873251,,,,,,,,,,,,
20261008_2215_e2e_direct_P0_r3,FINAL,F2_call_wait_open,OPEN,F2,3.6000000000000227,4.524415437001153,0.79568290094646,72,0.12930829962081436,0.0001595596339100274,0.0001587152195149816,,0,0.0,0,0,,,0,0,0,0,0,0,0,0,0,0,0,0,0,"['F2', -11.226843156989588, -2.4936041045006605, 2.2570383519188715]","[-11.325825544995213, -2.694176807182672, 2.1337544126927352]",elevator,call F2; boarding starts only after door_state=open (CR-01),0,0,3.6000000000000227,,,,,,,,,,,,,,,,,
20261008_2215_e2e_direct_P0_r3,FINAL,F2_board,SUCCEEDED,F2,33.30000000000007,42.086868365000555,0.7912206655815797,667,0.0804361872974006,1.699983232107017,1.693144159609652,1.0040392735955466,1,168.16452522255395,0,0,0.017432033324857286,0.02125297110190783,0,0,0,0,0,0,0,0,0,0,0,0,0,"['F2', -12.466241775555204, -1.3400721362259476, -0.8501019711019078]","[-12.45320647101547, -1.4171977437699639, -1.0444029713793068]",cabin_direct,simulated operator drive to f2_elevator_inside (not Nav2),0,0,,,,,,,,,,,,,,,,,,
20261008_2215_e2e_direct_P0_r3,FINAL,ride_F2_to_F1,ARRIVED,F1,12.100000000000023,14.60608521100039,0.8284218409794747,241,0.31305462371587195,2.415655451023062,2.415469352920582,1.0000770442822033,0,0.0,0,0,,,0,0,0,0,0,0,0,0,0,0,0,0,0,"['F1', -10.161733334519667, -2.063743740058378, 0.9044118174717081]","[-12.453423034620814, -1.4214513465363918, -0.9327362163965106]",elevator_ride,"robot floor F1; cabin-relative before [0.017, -0.004, -0.021]; carry {""from"": ""F2"", ""to"": ""F1"", ""stamp"": 881.7, ""src_map_pose"": [-12.466282846593842, -1.3400135433123177, -0.8440344167505348], ""cabin_relative"": [0.016957690640218726, -0.003719136250256062, -0.015185416750534864], ""dst_map_pose"": [-10.161755687149402, -2.0637757662438445, 0.9037415832494652]}",0,0,,0.004314181554431818,0.003255960565609506,2.5591830413745674e-05,0.0062287416115701655,,,,,,,,,,,,,
20261008_2215_e2e_direct_P0_r3,FINAL,map_switch_F1,READY,F1,0.6999999999999318,0.7613691719998315,0.9193963004324094,14,0.31315706891333556,1.0653441084581042e-05,1.0638640372915333e-05,,0,0.0,0,0,,,0,0,0,0,0,0,0,0,0,2,0,0,0,"['F1', -10.161726406263044, -2.063734268852007, 0.9044895291082262]","[-12.453423034620814, -1.4214513465363918, -0.9327362163965106]",map_switch,"orchestrator {""current_floor"": ""F1"", ""error"": """", ""initialpose_sent"": true, ""map_loaded"": true, ""map_yaml"": ""/ros2_ws/maps/field/f1/f1_manual_clean_v3.yaml"", ""mode"": ""auto_map_switch"", ""pending"": false, ""phase"": ""ready"", ""spawn_point_id"": ""elevator_inside"", ""target_floor"": ""F1""}",0,0,,,,,,,/ros2_ws/maps/field/f1/f1_manual_clean_v3.yaml,,,,,,,,,,,
20261008_2215_e2e_direct_P0_r3,FINAL,relocalize_F1,CONVERGED,F1,5.100000000000023,5.63753383599942,0.9046508896200525,103,0.31317582782001585,9.543364953288061e-05,9.539718924293318e-05,,0,0.0,0,0,,,0,0,0,0,0,0,0,0,0,0,0,0,0,"['F1', -10.161667203550186, -2.0636589541331145, 0.90499105061554]","[-10.174385317758071, -2.121882447720684, 0.9519067405748836]",relocalization,"criteria {""min_new_amcl_samples"": 5, ""position_error_max_m"": 0.25, ""yaw_error_max_rad"": 0.15, ""covariance_xy_max_m2"": 0.05, ""covariance_yaw_max_rad2"": 0.05, ""tf_stable_window_s"": 3.0, ""tf_stable_max_jump_m"": 0.05, ""tf_stable_max_jump_rad"": 0.05, ""timeout_s"": 60.0} [제안값]; all checks passed",0,0,,,,,,,,6,0.05958132780828852,0.046995590693649,0.02653367794755468,0.028374719837352735,0.032560727419812766,0.029534985599089254,0.018523316237553766,0.027944320882786908,0.01625158269694993,5.100000000000023
20261008_2215_e2e_direct_P0_r3,FINAL,F1_exit,SUCCEEDED,F1,31.100000000000023,33.98663817899978,0.9150654982762195,622,0.11238320141407897,2.3455010972504775,2.3454972572663597,1.0000016371727172,0,0.0,0,0,0.027484680793697872,0.002438315691207338,0,0,0,0,0,0,0,0,0,0,0,0,0,"['F1', -8.741642337084642, -0.19687327809663227, 0.9213653156912074]","[-8.842587367495865, -0.35595975740323893, 0.9266899882275161]",cabin_direct,simulated operator drive to f1_elevator_exit (not Nav2),1,0,,,,,,,,,,,,,,,,,,
20261008_2215_e2e_direct_P0_r3,FINAL,F1_exit_to_start,SUCCEEDED,F1,82.5,89.92829777499901,0.917397549394467,1650,0.33265603316271436,4.893638027558988,4.754699009675125,1.0292214118288334,4,296.3036983431666,8,1,0.15381816566968082,0.04793639116075776,0,0,0,0,0,0,0,0,0,0,0,0,0,"['F1', -4.538866076264179, 2.0266036911492837, -1.6530636088392423]","[-4.618037813236279, 2.007316369575844, -1.6117888287371036]",nav2,goal f1_initial_test,0,0,,,,,,,,,,,,,,,,,,
20261008_2240_e2e_nav2_P0_r3,FINAL,F1_start_to_locker,SUCCEEDED,F1,121.4,131.14960148799946,0.9256604566282912,2427,0.4189275442494235,11.11493925556568,10.555069245040478,1.0530427605473331,1,23.45793517022683,6,0,0.2920394500506956,0.009891220783964315,0,0,0,0,0,0,0,0,0,0,0,0,0,"['F1', -4.98813360556946, -8.36701815865938, -1.6998912207839643]","[-5.033545838674123, -8.494101983737309, -1.8861430148050078]",nav2,goal f1_locker,0,0,,,,,,,,,,,,,,,,,,
20261008_2240_e2e_nav2_P0_r3,FINAL,locker_load,MARKED,F1,2.0,2.0792915309993987,0.9618660828377021,39,0.9583465417742768,6.62541084312114e-05,6.622227131712619e-05,,0,0.0,0,0,,,0,0,0,0,0,0,0,0,0,0,0,0,0,"['F1', -4.98814134539046, -8.367085783099606, -1.698099506951626]","[-5.033545838674123, -8.494101983737309, -1.8861430148050078]",payload,payload=loaded (marker only; arm/lift not simulated),0,0,,,,,,,,,,,,,,,,,,
20261008_2240_e2e_nav2_P0_r3,FINAL,locker_to_F1_elevator_entry,SUCCEEDED,F1,128.5,137.2161198499998,0.9364788928623838,2571,0.41004410497988975,10.677081691377303,9.00313583582013,1.1859292013452873,2,159.03496102945778,12,0,0.15079801342377086,0.08568692388556974,0,0,0,0,0,0,0,0,0,0,0,0,0,"['F1', -8.586879404305758, -0.11447940930870128, -2.30835192388557]","[-8.56401600703912, -0.2032616523951128, -2.4164322713970647]",nav2,goal f1_elevator_entry,0,0,,,,,,,,,,,,,,,,,,
20261008_2240_e2e_nav2_P0_r3,FINAL,F1_call_wait_open,OPEN,F1,11.600000000000023,12.360407195000334,0.9384804090185727,231,0.975412718136183,0.0006714158330511252,0.0006713945799895018,,0,0.0,0,0,,,0,0,0,0,0,0,0,0,0,0,0,0,0,"['F1', -8.587325757761963, -0.1149845440717773, -2.301713742816153]","[-8.56401600703912, -0.2032616523951128, -2.4164322713970647]",elevator,call F1; boarding starts only after door_state=open (CR-01),0,0,11.600000000000023,,,,,,,,,,,,,,,,,
20261008_2240_e2e_nav2_P0_r3,FINAL,F1_board,SUCCEEDED,F1,41.89999999999998,44.7522853140008,0.9362650355397943,838,0.249006739243045,2.427168195320959,2.370213020742097,1.0240295594026523,2,162.43912976034764,3,1,0.180222844794366,0.02373160725207457,0,0,0,0,0,0,0,0,0,0,0,0,0,"['F1', -10.1508002274464, -1.896409281332629, 0.8951953927479255]","[-10.170697684932962, -1.9420134990130165, 0.7848135162923185]",cabin_nav2,goal f1_elevator_inside,0,0,,,,,,,,,,,,,,,,,,
20261008_2240_e2e_nav2_P0_r3,FINAL,ride_F1_to_F2,ARRIVED,F2,12.200000000000045,13.396890087999964,0.9106591096785953,242,0.4576884476240405,2.213790256611573,2.2135834694687593,1.0000934173685636,0,0.0,0,0,,,0,0,0,0,0,0,0,0,0,0,0,0,0,"['F2', -12.303385239657345, -1.3803404902628316, -0.846479782685347]","[-10.180504843010304, -1.9277853520076036, 0.8732684202925053]",elevator_ride,"robot floor F2; cabin-relative before [0.157, 0.089, -0.023]; carry {""from"": ""F1"", ""to"": ""F2"", ""stamp"": 335.1, ""src_map_pose"": [-10.150769993743774, -1.8963646752094236, 0.9013242854143921], ""cabin_relative"": [0.15670605341800767, 0.08911164507719561, -0.017602714585607915], ""dst_map_pose"": [-12.30342083890782, -1.3803015727182817, -0.8464517145856079]}",0,0,,0.004392606679862207,0.0025186650836648283,0.0001074213155244903,0.005589475369955799,,,,,,,,,,,,,
20261008_2240_e2e_nav2_P0_r3,FINAL,map_switch_F2,READY,F2,0.6999999999999886,0.8510340399998313,0.8225287909754202,14,0.45767942984408544,1.1473850229828328e-05,1.1469337217880647e-05,,0,0.0,0,0,,,0,0,0,0,0,0,0,0,0,2,0,0,0,"['F2', -12.303376587968444, -1.3803502778525265, -0.8465148251504153]","[-10.180504843010304, -1.9277853520076036, 0.8732684202925053]",map_switch,"orchestrator {""current_floor"": ""F2"", ""error"": """", ""initialpose_sent"": true, ""map_loaded"": true, ""map_yaml"": ""/ros2_ws/maps/field/f2/f2_nav_unknown_v1.yaml"", ""mode"": ""auto_map_switch"", ""pending"": false, ""phase"": ""ready"", ""spawn_point_id"": ""elevator_inside"", ""target_floor"": ""F2""}",0,0,,,,,,,/ros2_ws/maps/field/f2/f2_nav_unknown_v1.yaml,,,,,,,,,,,
20261008_2240_e2e_nav2_P0_r3,FINAL,relocalize_F2,CONVERGED,F2,5.399999999999977,6.702076890999706,0.805720389041149,108,0.4576230784029147,0.00011317648060401403,0.00011315437450041417,,0,0.0,0,0,,,0,0,0,0,0,0,0,0,0,0,0,0,0,"['F2', -12.303300658436115, -1.3804363375646487, -0.8467469308558919]","[-12.31416999851615, -1.4187382489881768, -0.8312845068815916]",relocalization,"criteria {""min_new_amcl_samples"": 5, ""position_error_max_m"": 0.25, ""yaw_error_max_rad"": 0.15, ""covariance_xy_max_m2"": 0.05, ""covariance_yaw_max_rad2"": 0.05, ""tf_stable_window_s"": 3.0, ""tf_stable_max_jump_m"": 0.05, ""tf_stable_max_jump_rad"": 0.05, ""timeout_s"": 60.0} [제안값]; all checks passed",0,0,,,,,,,,7,0.03981538742431474,0.015460397311381602,0.02815592056012406,0.03357385187762407,0.046876545073734587,0.09937415455289314,0.00762962510748777,0.024127790851298386,0.012101507680556843,5.399999999999977
20261008_2240_e2e_nav2_P0_r3,FINAL,F2_exit,SUCCEEDED,F2,16.19999999999999,20.095844303000376,0.8061368189233669,324,0.18904546912403133,1.3181088774457064,1.317738538017079,1.0002810416618646,0,0.0,0,0,0.1562825003295363,0.004889798019175662,0,0,0,1,0,0,0,0,1,1,0,0,0,"['F2', -11.480711495784519, -2.4098943981890923, -0.8337387980191756]","[-11.598588565100815, -2.288356841443783, -0.8633122712387278]",cabin_nav2,goal f2_elevator_exit,0,0,,,,,,,,,,,,,,,,,,
20261008_2240_e2e_nav2_P0_r3,FINAL,F2_exit_to_delivery,SUCCEEDED,F2,228.39999999999998,288.4682909740004,0.7917681323961725,4569,0.14896712691880654,21.785234478959953,20.344608141430413,1.0708112108876555,0,0.0,29,0,0.10541506314899211,0.0822345088898988,0,0,0,0,0,0,0,0,0,0,0,0,0,"['F2', -24.626723763538408, -17.936867115429713, -2.478534508889899]","[-24.343405201609702, -17.740360971523014, -2.649498496233774]",nav2,goal f2_delivery_left_room4,0,0,,,,,,0.17876137048670757,,,,,,,,,,,,
20261008_2240_e2e_nav2_P0_r3,FINAL,delivery_unload,MARKED,F2,2.0,2.4289517590004834,0.823400461779036,39,0.8692135098234919,4.852445762080642e-05,4.851042823622115e-05,,0,0.0,0,0,,,0,0,0,0,0,0,0,0,0,0,0,0,0,"['F2', -24.62676260970821, -17.936897376721195, -2.478310620179989]","[-24.343405201609702, -17.740360971523014, -2.649498496233774]",payload,payload=unloaded (marker only; arm/lift not simulated),0,0,,,,,,,,,,,,,,,,,,
20261008_2240_e2e_nav2_P0_r3,FINAL,delivery_to_F2_staging,SUCCEEDED,F2,227.4000000000001,292.30380660799983,0.7779577099553809,4549,0.3079271532251503,20.972102186712053,20.245565390120873,1.0358862191591698,1,125.82627563932698,25,0,0.23267062263235896,0.14469012171811668,0,0,0,0,0,0,0,0,0,0,0,0,0,"['F2', -10.952420452269536, -3.007221215943105, 2.1680538782818832]","[-11.081055654479368, -3.2305999192305657, 2.1916189270565924]",nav2,goal f2_elevator_staging_v1,0,0,,,,,,0.3644517722997491,,,,,,,,,,,,
20261008_2240_e2e_nav2_P0_r3,FINAL,staging_to_F2_elevator_entry,SUCCEEDED,F2,11.899999999999977,15.66706355399947,0.7595552260948197,238,0.10849985321922784,0.6056643537460678,0.6011187069712979,1.0075619785610614,1,19.962581046463498,1,0,0.16214274019892658,0.07337238953973335,0,0,0,0,0,0,0,0,0,0,0,0,0,"['F2', -11.22241773583373, -2.470146368751821, 2.2393716104602666]","[-11.329344818887082, -2.695010792746689, 2.080224780543117]",nav2,goal f2_elevator_entry,0,0,,,,,,,,,,,,,,,,,,
20261008_2240_e2e_nav2_P0_r3,FINAL,F2_call_wait_open,OPEN,F2,3.6000000000000227,4.625240806000875,0.7783378533133485,71,0.10795538381041103,0.00015771974373115732,0.00015715047188732595,,0,0.0,0,0,,,0,0,0,0,0,0,0,0,0,0,0,0,0,"['F2', -11.222538136745499, -2.470012522573393, 2.242087819116403]","[-11.329344818887082, -2.695010792746689, 2.080224780543117]",elevator,call F2; boarding starts only after door_state=open (CR-01),0,0,3.6000000000000227,,,,,,,,,,,,,,,,,
20261008_2240_e2e_nav2_P0_r3,FINAL,F2_board,SUCCEEDED,F2,109.09999999999991,143.0665835689997,0.7625819899961613,2182,0.037592446658585334,1.7011932532274447,1.6881563987066455,1.0077225395293867,1,165.27127838601544,0,2,0.08131066089494368,0.09423610834433693,0,0,0,2,1939,0,0,0,2,4,0,0,0,"['F2', -12.412691494306728, -1.2727594631206376, -0.734612891655663]","[-12.360331680539822, -1.3387270085284964, -0.9250020078502013]",cabin_nav2,goal f2_elevator_inside,3,0,,,,,,,,,,,,,,,,,,
20261008_2240_e2e_nav2_P0_r3,FINAL,ride_F2_to_F1,ARRIVED,F1,14.599999999999909,18.26092762299959,0.7995212675620733,292,0.342842311543253,2.301197179563313,2.301002106067731,1.0000847776258297,0,0.0,0,0,,,0,0,0,0,0,0,0,0,0,0,0,0,0,"['F1', -10.237300935765122, -2.0227026994680917, 1.0191471611845457]","[-12.362826688220487, -1.3306653708060603, -0.8645372021022756]",elevator_ride,"robot floor F1; cabin-relative before [0.004, 0.081, 0.095]; carry {""from"": ""F2"", ""to"": ""F1"", ""stamp"": 954.8, ""src_map_pose"": [-12.412644640467605, -1.2727965813264335, -0.7288766347854218], ""cabin_relative"": [0.003653090724295739, 0.08124064691878072, 0.0999723652145782], ""dst_map_pose"": [-10.23736610973206, -2.0228094247922987, 1.0188993652145784]}",0,0,,0.005241502992026895,0.0030140975267478605,0.00015264838240517206,0.004786163474648553,,,,,,,,,,,,,
20261008_2240_e2e_nav2_P0_r3,FINAL,map_switch_F1,READY,F1,0.6000000000000227,0.6530619650002336,0.9187489582245203,12,0.34297918117099485,2.2557141509672687e-05,2.2556122378834983e-05,,0,0.0,0,0,,,0,0,0,0,0,0,0,0,0,2,0,0,0,"['F1', -10.23728782004439, -2.022681367480799, 1.019197735847264]","[-12.362826688220487, -1.3306653708060603, -0.8645372021022756]",map_switch,"orchestrator {""current_floor"": ""F1"", ""error"": """", ""initialpose_sent"": true, ""map_loaded"": true, ""map_yaml"": ""/ros2_ws/maps/field/f1/f1_manual_clean_v3.yaml"", ""mode"": ""auto_map_switch"", ""pending"": false, ""phase"": ""ready"", ""spawn_point_id"": ""elevator_inside"", ""target_floor"": ""F1""}",0,0,,,,,,,/ros2_ws/maps/field/f1/f1_manual_clean_v3.yaml,,,,,,,,,,,
20261008_2240_e2e_nav2_P0_r3,FINAL,relocalize_F1,CONVERGED,F1,4.300000000000068,4.745303056999546,0.9061591953873979,88,0.3430073586612896,0.00019189788779074411,0.00019188730457724942,,0,0.0,0,0,,,0,0,0,0,0,0,0,0,0,0,0,0,0,"['F1', -10.237186322764538, -2.0225165925924995, 1.0196123432367574]","[-10.271273897197615, -2.0452786030272976, 0.973376762845799]",relocalization,"criteria {""min_new_amcl_samples"": 5, ""position_error_max_m"": 0.25, ""yaw_error_max_rad"": 0.15, ""covariance_xy_max_m2"": 0.05, ""covariance_yaw_max_rad2"": 0.05, ""tf_stable_window_s"": 3.0, ""tf_stable_max_jump_m"": 0.05, ""tf_stable_max_jump_rad"": 0.05, ""timeout_s"": 60.0} [제안값]; all checks passed",0,0,,,,,,,,6,0.040984313621147926,0.04622357561825785,0.03278713625370244,0.02541550225208944,0.037007863416737,0.054050046062382597,0.1003640404725682,0.026495973051992992,0.0378606571347011,4.300000000000068
20261008_2240_e2e_nav2_P0_r3,FINAL,F1_exit,SUCCEEDED,F1,28.59999999999991,30.90091693999966,0.9255388782000403,570,0.26221678984120306,2.326695739332761,2.317355273386891,1.004030657730016,0,0.0,3,0,0.1340925484919259,0.09898039197239306,0,0,0,0,0,0,0,0,0,0,0,0,0,"['F1', -8.858258814276105, -0.1600701648104927, 0.819946608027607]","[-9.054932202918181, -0.43986438495743363, 0.7906920980868478]",cabin_nav2,goal f1_elevator_exit,0,0,,,,,,,,,,,,,,,,,,
20261008_2240_e2e_nav2_P0_r3,FINAL,F1_exit_to_start,SUCCEEDED,F1,64.10000000000014,69.28749933099971,0.925130804530585,1283,0.36263241390951717,4.93489691299256,4.821046187005158,1.0236153568273791,1,128.20509784522588,8,0,0.2006545433507791,0.04687281954160705,0,0,0,0,0,0,0,0,0,0,0,0,0,"['F1', -4.537906486431685, 1.9793353372144813, -1.654127180458393]","[-4.577828950251632, 2.0064832087172726, -1.5980533015550862]",nav2,goal f1_initial_test,0,0,,,,,,,,,,,,,,,,,,
e2e1_nav2,EXPLORATORY,F1_start_to_locker,SUCCEEDED,F1,127.6,138.52770531999977,0.9211153805315933,2553,0.4092784631467811,11.003431013524974,10.412629287710173,1.0567389570386523,1,12.254493587406587,6,0,0.4825979838851011,0.12162274305654709,0,0,0,0,0,0,0,0,0,0,0,0,0,"['F1', -4.880486665634756, -8.208930242185815, -1.811622743056547]","[-4.998952224888726, -8.479957535874822, -1.9430407892546235]",nav2,goal f1_locker,0,0,,,,,,,,,,,,,,,,,,
e2e1_nav2,EXPLORATORY,locker_load,MARKED,F1,2.0,2.058016336000037,0.971809584314186,38,0.9876696341734285,0.0017356445614245314,0.0017356443649730472,,0,0.0,0,0,,,0,0,0,0,0,0,0,0,0,0,0,0,0,"['F1', -4.8800630252529, -8.20719881377252, -1.8099285623181023]","[-4.998952224888726, -8.479957535874822, -1.9430407892546235]",payload,payload=loaded (marker only; arm/lift not simulated),0,0,,,,,,,,,,,,,,,,,,
e2e1_nav2,EXPLORATORY,locker_to_F1_elevator_entry,SUCCEEDED,F1,142.0,154.85132776200044,0.9170086046549607,2842,0.32773250885703886,10.359524782524543,8.740563627570365,1.1852238853164443,3,172.66335045418643,14,0,0.3051909557397795,0.16068771335921017,0,0,0,0,0,0,0,0,0,0,0,0,0,"['F1', -8.422671708129386, -0.21670279846673196, -2.3833527133592103]","[-8.541816015139705, -0.24874511149017756, -2.4651319389308344]",nav2,goal f1_elevator_entry,0,0,,,,,,,,,,,,,,,,,,
e2e1_nav2,EXPLORATORY,F1_call_wait_open,OPEN,F1,11.699999999999989,12.68961718599985,0.9220136296080167,232,0.9222327387244844,9.5870614754292e-07,9.295843152883156e-07,,0,0.0,0,0,,,0,0,0,0,0,0,0,0,0,0,0,0,0,"['F1', -8.42267112691545, -0.21670206806590991, -2.383352803891894]","[-8.541816015139705, -0.24874511149017756, -2.4651319389308344]",elevator,call F1; boarding starts only after door_state=open (CR-01),0,0,11.699999999999989,,,,,,,,,,,,,,,,,
e2e1_nav2,EXPLORATORY,F1_board,SUCCEEDED,F1,97.40000000000003,106.4001882599996,0.9154119141405399,1948,0.2499293777966032,2.686173155240584,2.3458238785063688,1.1450873101994863,12,469.57476566109466,11,4,0.23713648141506444,0.12037118699535478,0,0,0,0,0,0,0,1,0,1,0,0,0,"['F1', -10.10922750786856, -1.8471674077381888, 0.7985558130046453]","[-10.142068529593226, -1.8847429869624737, 0.7319596150993268]",cabin_nav2,goal f1_elevator_inside,0,0,,,,,,,,,,,,,,,,,,
e2e1_nav2,EXPLORATORY,ride_F1_to_F2,ARRIVED,F2,12.199999999999989,13.541067430000112,0.9009629457254603,242,0.432850260591337,2.193310910856668,2.193262606074915,1.000022024166928,0,0.0,0,0,,,0,0,0,0,0,0,0,0,0,0,0,0,0,"['F2', -12.262400058218262, -1.4297165567175323, -0.949672987284345]","[-10.158884000275446, -1.875465198692108, 0.7798899368165562]",elevator_ride,"robot floor F2; cabin-relative before [0.221, 0.086, -0.12]; carry {""from"": ""F1"", ""to"": ""F2"", ""stamp"": 409.9, ""src_map_pose"": [-10.109229910978538, -1.8471635925484886, 0.7985722572272397], ""cabin_relative"": [0.22101977595765504, 0.08593830232166733, -0.12035474277276037], ""dst_map_pose"": [-12.262301712473466, -1.4298550029973904, -0.9492037427727603]}",0,0,,0.00019699015822432673,0.00010962622830490433,0.00016881126124338136,0.00047015168110253747,,,,,,,,,,,,,
e2e1_nav2,EXPLORATORY,map_switch_F2,READY,F2,0.7000000000000455,0.8438167889999022,0.829563963558595,14,0.4328106372101201,3.8999907484991026e-05,3.8999907326612914e-05,,0,0.0,0,0,,,0,0,0,0,0,0,0,0,0,2,0,0,0,"['F2', -12.262424484566594, -1.4296824031147666, -0.9497896256352655]","[-10.158884000275446, -1.875465198692108, 0.7798899368165562]",map_switch,"orchestrator {""current_floor"": ""F2"", ""error"": """", ""initialpose_sent"": true, ""map_loaded"": true, ""map_yaml"": ""/ros2_ws/maps/field/f2/f2_nav_unknown_v1.yaml"", ""mode"": ""auto_map_switch"", ""pending"": false, ""phase"": ""ready"", ""spawn_point_id"": ""elevator_inside"", ""target_floor"": ""F2""}",0,0,,,,,,,/ros2_ws/maps/field/f2/f2_nav_unknown_v1.yaml,,,,,,,,,,,
e2e1_nav2,EXPLORATORY,relocalize_F2,CONVERGED,F2,7.199999999999989,8.794280586999776,0.8187139276228522,145,0.43238514229216723,0.0004484193866647014,0.000448419357330565,,0,0.0,0,0,,,0,0,0,0,0,0,0,0,0,0,0,0,0,"['F2', -12.262686820808241, -1.4293150233449774, -0.9510416573396699]","[-12.22247713712811, -1.5054736389497467, -0.9332420486957911]",relocalization,"criteria {""min_new_amcl_samples"": 5, ""position_error_max_m"": 0.25, ""yaw_error_max_rad"": 0.15, ""covariance_xy_max_m2"": 0.05, ""covariance_yaw_max_rad2"": 0.05, ""tf_stable_window_s"": 3.0, ""tf_stable_max_jump_m"": 0.05, ""tf_stable_max_jump_rad"": 0.05, ""timeout_s"": 60.0} [제안값]; all checks passed",0,0,,,,,,,,8,0.08607356665053179,0.017664969755633364,0.0295774845719734,0.04357879743170123,0.03510843297285201,0.12604599117223647,0.11333185937587242,0.02996130714798746,0.040779259648646704,7.199999999999989
e2e1_nav2,EXPLORATORY,F2_exit,SUCCEEDED,F2,16.099999999999966,19.607142476000263,0.8211293420092629,322,0.18699942325956467,1.1498776288883161,1.145553742258503,1.0037744947882483,0,0.0,0,0,0.2698146160578003,0.005576719259687834,0,0,0,0,0,0,0,0,0,0,0,0,0,"['F2', -11.505210048220107, -2.28868396080474, -0.8344257192596878]","[-11.591033060823696, -2.2666088601905483, -0.7783483305077005]",cabin_nav2,goal f2_elevator_exit,0,0,,,,,,,,,,,,,,,,,,
e2e1_nav2,EXPLORATORY,F2_exit_to_delivery,SUCCEEDED,F2,244.80000000000007,303.28370612599974,0.8071650242176132,4895,0.12586132165533584,21.59309445214464,20.19034309408833,1.0694763507246705,0,0.0,25,0,0.33911691561666596,0.06342532202993212,0,0,0,0,0,0,0,0,0,0,0,0,0,"['F2', -24.439473541418494, -17.792038463311922, -2.459725322029932]","[-24.50610747806379, -17.852984584848492, -2.6462746820165153]",nav2,goal f2_delivery_left_room4,0,0,,,,,,0.17811394045272255,,,,,,,,,,,,
e2e1_nav2,EXPLORATORY,delivery_unload,MARKED,F2,2.0,2.462139900000693,0.8123015268139057,40,0.7159179387286905,2.2319990293788124e-06,1.764117432917045e-06,,0,0.0,0,0,,,0,0,0,0,0,0,0,0,0,0,0,0,0,"['F2', -24.439474120941014, -17.79204044835504, -2.4597222936017316]","[-24.50610747806379, -17.852984584848492, -2.6462746820165153]",payload,payload=unloaded (marker only; arm/lift not simulated),0,0,,,,,,,,,,,,,,,,,,
e2e1_nav2,EXPLORATORY,delivery_to_F2_staging,SUCCEEDED,F2,241.19999999999993,303.12105105699993,0.7957217064236289,4825,0.3191133342583451,20.5039850487247,19.836014568444128,1.0336746314626732,1,121.71513099703127,25,0,0.206254564459406,0.16068532154876047,0,0,0,0,0,0,0,0,0,0,0,0,0,"['F2', -11.007704077794443, -3.1956358975335757, 2.1520586784512394]","[-11.08412364285271, -3.3260147001948477, 2.0421378714268394]",nav2,goal f2_elevator_staging_v1,0,0,,,,,,0.3191133342583451,,,,,,,,,,,,
e2e1_nav2,EXPLORATORY,staging_to_F2_elevator_entry,SUCCEEDED,F2,13.300000000000068,16.766172470999663,0.7932639380278945,266,0.33335953914362015,0.5797332625261097,0.5465587720060839,1.060697023301378,1,15.370101212699597,1,0,0.22696799204736834,0.08639072107880619,0,0,0,0,0,0,0,0,0,0,0,0,0,"['F2', -11.222411522434854, -2.6930215043628793, 2.2263532789211937]","[-11.34408755459455, -2.738852573414589, 2.0971550663539373]",nav2,goal f2_elevator_entry,0,0,,,,,,0.5243599222983798,,,,,,,,,,,,
e2e1_nav2,EXPLORATORY,F2_call_wait_open,OPEN,F2,3.599999999999909,4.448466576000101,0.8092676293045002,71,0.3333573152417717,1.0974453539060685e-05,8.94102854474515e-06,,0,0.0,0,0,,,0,0,0,0,0,0,0,0,0,0,0,0,0,"['F2', -11.2224143543975, -2.693020117453948, 2.2263587321444978]","[-11.34408755459455, -2.738852573414589, 2.0971550663539373]",elevator,call F2; boarding starts only after door_state=open (CR-01),0,0,3.599999999999909,,,,,,,,,,,,,,,,,
e2e1_nav2,EXPLORATORY,F2_board,SUCCEEDED,F2,61.80000000000007,76.978646003,0.8028200443742751,1237,0.15067338576876582,1.9126799205148415,1.7357753834336078,1.101916721927057,8,244.60147025798702,9,3,0.11999091370117176,0.21736749049140558,0,0,0,2,0,0,0,0,2,3,0,0,0,"['F2', -12.383962902518363, -1.403166912776193, -0.6114815095085944]","[-12.379793675944649, -1.4756898918401313, -0.6905272170494658]",cabin_nav2,goal f2_elevator_inside,0,0,,,,,,,,,,,,,,,,,,
e2e1_nav2,EXPLORATORY,ride_F2_to_F1,ARRIVED,F1,12.100000000000023,14.422747495999829,0.8389524952410057,241,0.4552242698429425,2.3424659651459003,2.339586333347228,1.0012308294665717,0,0.0,0,0,,,0,0,0,0,0,0,0,0,0,0,0,0,0,"['F1', -10.114989296252396, -1.9735687716109491, 1.140652300185054]","[-12.36630863044073, -1.4820569484208233, -0.7288604490479416]",elevator_ride,"robot floor F1; cabin-relative before [0.119, 0.014, 0.217]; carry {""from"": ""F2"", ""to"": ""F1"", ""stamp"": 1013.1, ""src_map_pose"": [-12.384366482153553, -1.4028702095459062, -0.6100611361337256], ""cabin_relative"": [0.118645648377411, 0.014192047528434247, 0.21878786386627436], ""dst_map_pose"": [-10.1143028146681, -1.9720725702996016, 1.1377148638662744]}",0,0,,0.0008224580453412195,0.0008629337207781695,0.0021302673934882246,0.004267711507074723,,,,,,,,,,,,,
e2e1_nav2,EXPLORATORY,map_switch_F1,READY,F1,0.6999999999999318,0.7623897710000165,0.9181655193009097,14,0.4552398343109454,0.00036994355635082713,0.0003699435497019859,,0,0.0,0,0,,,0,0,0,0,0,0,0,0,0,2,0,0,0,"['F1', -10.115155261018666, -1.9739309017370568, 1.1413619270830169]","[-12.36630863044073, -1.4820569484208233, -0.7288604490479416]",map_switch,"orchestrator {""current_floor"": ""F1"", ""error"": """", ""initialpose_sent"": true, ""map_loaded"": true, ""map_yaml"": ""/ros2_ws/maps/field/f1/f1_manual_clean_v3.yaml"", ""mode"": ""auto_map_switch"", ""pending"": false, ""phase"": ""ready"", ""spawn_point_id"": ""elevator_inside"", ""target_floor"": ""F1""}",0,0,,,,,,,/ros2_ws/maps/field/f1/f1_manual_clean_v3.yaml,,,,,,,,,,,
e2e1_nav2,EXPLORATORY,relocalize_F1,CONVERGED,F1,6.100000000000023,6.7217445500000395,0.9075025024567449,122,0.45298415320243846,0.0035031726934609173,0.0035031671180634507,,0,0.0,0,0,,,0,0,0,0,0,0,0,0,0,0,0,0,0,"['F1', -10.116615487773581, -1.9771465614238148, 1.147595567428362]","[-10.118383258902618, -2.017101519668884, 1.0626105819328588]",relocalization,"criteria {""min_new_amcl_samples"": 5, ""position_error_max_m"": 0.25, ""yaw_error_max_rad"": 0.15, ""covariance_xy_max_m2"": 0.05, ""covariance_yaw_max_rad2"": 0.05, ""tf_stable_window_s"": 3.0, ""tf_stable_max_jump_m"": 0.05, ""tf_stable_max_jump_rad"": 0.05, ""timeout_s"": 60.0} [제안값]; all checks passed",0,0,,,,,,,,7,0.040473956060970186,0.08408035597823416,0.011472656281071636,0.01545717084539433,0.027633210825807226,0.07269273673741587,0.22448500704441932,0.027525626841771046,0.04287504143905685,6.100000000000023
e2e1_nav2,EXPLORATORY,F1_exit,SUCCEEDED,F1,28.800000000000068,31.505056064999735,0.9141389858371074,577,0.23739709571141324,2.1310032203745974,2.100151844415496,1.0146900692162513,0,0.0,1,0,0.22073209949437633,0.13815784033115575,0,0,0,0,0,0,0,0,0,0,0,0,0,"['F1', -8.93581557503915, -0.24041752875267813, 0.7807691596688443]","[-8.927999753655039, -0.34627810639242396, 0.6986519913121034]",cabin_nav2,goal f1_elevator_exit,0,0,,,,,,,,,,,,,,,,,,
e2e1_nav2,EXPLORATORY,F1_exit_to_start,SUCCEEDED,F1,89.0,97.25206485000035,0.9151476643428788,1780,0.2902305776028245,5.162428271863847,4.904908184972427,1.0525025295438568,4,229.80182651154368,10,2,0.17130756806796316,0.14158316298714135,0,0,0,0,0,0,0,0,0,0,0,0,0,"['F1', -4.583093570961692, 2.020541456851279, -1.5594168370128587]","[-4.661594518837892, 2.031585321389628, -1.5825791951559243]",nav2,goal f1_initial_test,0,0,,,,,,,,,,,,,,,,,,
e2e2_direct_r1,FINAL,F1_start_to_locker,SUCCEEDED,F1,121.0,132.34979971099983,0.9142439222742811,2420,0.41892811249573003,11.167014218474543,10.583496096418513,1.055134722660643,1,23.414787340653657,8,0,0.26693784437428203,0.05739741811671761,0,0,0,0,0,0,0,0,0,0,0,0,0,"['F1', -4.988756681110728, -8.395449197742145, -1.7473974181167176]","[-5.008557823058931, -8.462928743983316, -1.892787698023521]",nav2,goal f1_locker,0,0,,,,,,,,,,,,,,,,,,
e2e2_direct_r1,FINAL,locker_load,MARKED,F1,2.0,2.0791653439991933,0.9619244596262259,39,0.9810667328695002,0.00014095388036459983,0.00014043976935891177,,0,0.0,0,0,,,0,0,0,0,0,0,0,0,0,0,0,0,0,"['F1', -4.988799930420804, -8.395717462010605, -1.7445653881525025]","[-5.008557823058931, -8.462928743983316, -1.892787698023521]",payload,payload=loaded (marker only; arm/lift not simulated),0,0,,,,,,,,,,,,,,,,,,
e2e2_direct_r1,FINAL,locker_to_F1_elevator_entry,SUCCEEDED,F1,130.2,142.95488162400034,0.9107768725411686,2605,0.40620365291484717,10.712434649973815,9.018952133031476,1.1877693208660063,2,175.6393420219585,12,0,0.10219805817210745,0.05810224937728492,0,0,0,0,0,0,0,0,0,0,0,0,0,"['F1', -8.627781383464727, -0.14348835622952819, -2.280767249377285]","[-8.562601226546903, -0.2565077986476834, -2.452601901083952]",nav2,goal f1_elevator_entry,0,0,,,,,,,,,,,,,,,,,,
e2e2_direct_r1,FINAL,F1_call_wait_open,OPEN,F1,11.600000000000023,12.68772829199952,0.9142692634200416,231,0.9365905519541301,0.000670064356801157,0.0006695274630878251,,0,0.0,0,0,,,0,0,0,0,0,0,0,0,0,0,0,0,0,"['F1', -8.628213477598502, -0.1440103324402543, -2.27411157240492]","[-8.562601226546903, -0.2565077986476834, -2.452601901083952]",elevator,call F1; boarding starts only after door_state=open (CR-01),0,0,11.600000000000023,,,,,,,,,,,,,,,,,
e2e2_direct_r1,FINAL,F1_board,SUCCEEDED,F1,43.099999999999966,47.40605357899949,0.9091665883593594,863,0.08159608529896746,2.463790100159542,2.4560957199171614,1.003132768881923,1,171.27954656508973,0,0,0.01854564538180651,0.03555796132165023,0,0,0,0,0,0,0,0,0,0,0,0,0,"['F1', -10.16032439541625, -2.063661234955732, 0.9544849613216503]","[-10.180625016966868, -2.123339560545661, 1.1884254939103762]",cabin_direct,simulated operator drive to f1_elevator_inside (not Nav2),0,0,,,,,,,,,,,,,,,,,,
e2e2_direct_r1,FINAL,ride_F1_to_F2,ARRIVED,F2,12.099999999999966,13.663133807999657,0.8855947815511777,241,0.3202924003224475,2.416605637375878,2.4164397835170943,1.0000686356266417,0,0.0,0,0,,,0,0,0,0,0,0,0,0,0,0,0,0,0,"['F2', -12.466336644810696, -1.3415165250800762, -0.7864649806922152]","[-10.187579851353087, -2.098123500859645, 0.9768165108095382]",elevator_ride,"robot floor F2; cabin-relative before [0.018, -0.005, 0.036]; carry {""from"": ""F1"", ""to"": ""F2"", ""stamp"": 337.4, ""src_map_pose"": [-10.16028510032587, -2.063593033925438, 0.9612127832391331], ""cabin_relative"": [0.017995119938907168, -0.004777322035437962, 0.04228578323913301], ""dst_map_pose"": [-12.466361876012026, -1.3414933308162518, -0.7865632167608669]}",0,0,,0.004297801872000513,0.002786685975606939,0.00011316340131173357,0.006334633518916721,,,,,,,,,,,,,
e2e2_direct_r1,FINAL,map_switch_F2,READY,F2,0.6000000000000227,0.7338331679993644,0.8176245312484192,12,0.46843997124596803,6.56076182812359e-06,6.558870910581893e-06,,0,0.0,0,0,,,0,0,0,0,0,0,0,0,0,2,0,0,0,"['F2', -12.46633079044841, -1.341522356032127, -0.7864990580308138]","[-10.187579851353087, -2.098123500859645, 0.9768165108095382]",map_switch,"orchestrator {""current_floor"": ""F2"", ""error"": """", ""initialpose_sent"": true, ""map_loaded"": true, ""map_yaml"": ""/ros2_ws/maps/field/f2/f2_nav_unknown_v1.yaml"", ""mode"": ""auto_map_switch"", ""pending"": false, ""phase"": ""ready"", ""spawn_point_id"": ""elevator_inside"", ""target_floor"": ""F2""}",0,0,,,,,,,/ros2_ws/maps/field/f2/f2_nav_unknown_v1.yaml,,,,,,,,,,,
e2e2_direct_r1,FINAL,relocalize_F2,CONVERGED,F2,7.100000000000023,9.013201034999838,0.787733455897575,143,0.46844247261048083,0.00011750657018205475,0.00011745398566142039,,0,0.0,0,0,,,0,0,0,0,0,0,0,0,0,0,0,0,0,"['F2', -12.466246773338398, -1.3416068828262788, -0.7868372739791113]","[-12.485555068414207, -1.3887209917934267, -0.8231383358334732]",relocalization,"criteria {""min_new_amcl_samples"": 5, ""position_error_max_m"": 0.25, ""yaw_error_max_rad"": 0.15, ""covariance_xy_max_m2"": 0.05, ""covariance_yaw_max_rad2"": 0.05, ""tf_stable_window_s"": 3.0, ""tf_stable_max_jump_m"": 0.05, ""tf_stable_max_jump_rad"": 0.05, ""timeout_s"": 60.0} [제안값]; all checks passed",0,0,,,,,,,,8,0.050923720538787305,0.03633005934281408,0.023988715229421587,0.029038268049548233,0.028193746829566428,0.08030666058008191,0.04012128465590604,0.0498280886713818,0.006082882906048748,7.100000000000023
e2e2_direct_r1,FINAL,F2_exit,SUCCEEDED,F2,21.399999999999977,26.8653532419994,0.7965649960836817,427,0.1871968507407494,1.5846672909401573,1.5846429530216133,1.0000153586134326,0,0.0,0,0,0.025089253061889163,0.00044689270775688517,0,0,0,0,0,0,0,0,0,0,0,0,0,"['F2', -11.391992518723967, -2.506541264219369, -0.8284021072922431]","[-11.61033931266775, -2.393972435833925, -0.8756503090069485]",cabin_direct,simulated operator drive to f2_elevator_exit (not Nav2),0,0,,,,,,,,,,,,,,,,,,
e2e2_direct_r1,FINAL,F2_exit_to_delivery,SUCCEEDED,F2,226.60000000000002,284.41374738000013,0.7967266072312735,4533,0.12775899911349284,21.591258694589257,20.329408525726436,1.0620701860197248,1,6.640556410241051,31,0,0.09873092354054473,0.08442271559659309,0,0,0,0,0,0,0,0,0,0,0,0,0,"['F2', -24.638103540601747, -17.928129960452157, -2.480722715596593]","[-24.433287969443686, -17.835076543045286, -2.6330458599107662]",nav2,goal f2_delivery_left_room4,0,0,,,,,,0.19977008373676733,,,,,,,,,,,,
e2e2_direct_r1,FINAL,delivery_unload,MARKED,F2,2.0,2.427956823000386,0.823737877483533,39,0.8621373078594503,3.505021331159931e-05,3.4622374442181574e-05,,0,0.0,0,0,,,0,0,0,0,0,0,0,0,0,0,0,0,0,"['F2', -24.638131608582597, -17.92815307581262, -2.48026686622478]","[-24.433287969443686, -17.835076543045286, -2.6330458599107662]",payload,payload=unloaded (marker only; arm/lift not simulated),0,0,,,,,,,,,,,,,,,,,,
e2e2_direct_r1,FINAL,delivery_to_F2_staging,SUCCEEDED,F2,225.19999999999993,282.0309978059995,0.7984937888100802,4506,0.323008036205373,20.863357647885664,20.19203878844704,1.033246710075791,2,138.88230344150404,21,0,0.21853943897507314,0.10020245943880379,0,0,0,0,0,0,0,0,0,0,0,0,0,"['F2', -10.956479462730272, -3.077874226659244, 2.212541540561196]","[-11.078179884944888, -3.2432901472285884, 2.105096457854787]",nav2,goal f2_elevator_staging_v1,0,0,,,,,,0.323008036205373,,,,,,,,,,,,
e2e2_direct_r1,FINAL,staging_to_F2_elevator_entry,SUCCEEDED,F2,12.600000000000023,15.823208629999499,0.7962986708088687,250,0.1785924411435924,0.6185309526598932,0.612461215595636,1.0099104023400962,1,18.559689802530084,1,0,0.13441922420952176,0.10415013260993877,0,0,0,0,0,0,0,0,0,0,0,0,0,"['F2', -11.240991778670093, -2.535503544786611, 2.208593867390061]","[-11.358755254087072, -2.704811602423416, 2.106004398832578]",nav2,goal f2_elevator_entry,0,0,,,,,,0.5674661328476927,,,,,,,,,,,,
e2e2_direct_r1,FINAL,F2_call_wait_open,OPEN,F2,3.6000000000000227,4.511006183000063,0.7980481191905234,72,0.1776636800241529,0.00014802138221311142,0.00014688269876127696,,0,0.0,0,0,,,0,0,0,0,0,0,0,0,0,0,0,0,0,"['F2', -11.241093676993415, -2.535363703225285, 2.213654294209246]","[-11.358755254087072, -2.704811602423416, 2.106004398832578]",elevator,call F2; boarding starts only after door_state=open (CR-01),0,0,3.6000000000000227,,,,,,,,,,,,,,,,,
e2e2_direct_r1,FINAL,F2_board,SUCCEEDED,F2,33.799999999999955,42.52911930299979,0.7947495869639575,677,0.11808872406227228,1.7175133286392565,1.7105638349845442,1.0040626917935367,1,169.5688573735437,0,0,0.018554413384197933,0.02616075953507835,0,0,0,0,0,0,0,0,0,0,0,0,0,"['F2', -12.46570281668049, -1.3410570432631648, -0.8550097595350783]","[-12.480961580497077, -1.387680452408831, -1.045571275657367]",cabin_direct,simulated operator drive to f2_elevator_inside (not Nav2),0,0,,,,,,,,,,,,,,,,,,
e2e2_direct_r1,FINAL,ride_F2_to_F1,ARRIVED,F1,12.099999999999909,14.519549783999537,0.8333591729775287,241,0.3134299909218932,2.4154770784356216,2.415292990477185,1.0000762176510933,0,0.0,0,0,,,0,0,0,0,0,0,0,0,0,0,0,0,0,"['F1', -10.160840720749018, -2.0630194648960636, 0.8985741420622748]","[-12.471395927740945, -1.3936516918646258, -0.882200803622872]",elevator_ride,"robot floor F1; cabin-relative before [0.018, -0.004, -0.026]; carry {""from"": ""F2"", ""to"": ""F1"", ""stamp"": 882.8, ""src_map_pose"": [-12.465736243089921, -1.341008817204587, -0.8497279407310872], ""cabin_relative"": [0.018060714344322295, -0.003988736360265179, -0.020878940731087203], ""dst_map_pose"": [-10.16087219300256, -2.0630624755572198, 0.8980480592689128]}",0,0,,0.004353941882111044,0.0030907839647698054,7.980496666436092e-06,0.005386218592881683,,,,,,,,,,,,,
e2e2_direct_r1,FINAL,map_switch_F1,READY,F1,0.6000000000000227,0.6554041440003857,0.9154656794475038,12,0.3135286174214017,1.0780174112070088e-05,1.077581365801029e-05,,0,0.0,0,0,,,0,0,0,0,0,0,0,0,0,2,0,0,0,"['F1', -10.160832872557444, -2.0630096008342043, 0.8986314476001235]","[-12.471395927740945, -1.3936516918646258, -0.882200803622872]",map_switch,"orchestrator {""current_floor"": ""F1"", ""error"": """", ""initialpose_sent"": true, ""map_loaded"": true, ""map_yaml"": ""/ros2_ws/maps/field/f1/f1_manual_clean_v3.yaml"", ""mode"": ""auto_map_switch"", ""pending"": false, ""phase"": ""ready"", ""spawn_point_id"": ""elevator_inside"", ""target_floor"": ""F1""}",0,0,,,,,,,/ros2_ws/maps/field/f1/f1_manual_clean_v3.yaml,,,,,,,,,,,
e2e2_direct_r1,FINAL,relocalize_F1,CONVERGED,F1,5.100000000000023,5.618566449999889,0.9077048470255474,102,0.3135454779644852,0.0001147622090121986,0.00011473446791957848,,0,0.0,0,0,,,0,0,0,0,0,0,0,0,0,0,0,0,0,"['F1', -10.160760954959361, -2.0629192430155783, 0.8991411154326939]","[-10.159104981669167, -2.1056107967420963, 0.9370234523366691]",relocalization,"criteria {""min_new_amcl_samples"": 5, ""position_error_max_m"": 0.25, ""yaw_error_max_rad"": 0.15, ""covariance_xy_max_m2"": 0.05, ""covariance_yaw_max_rad2"": 0.05, ""tf_stable_window_s"": 3.0, ""tf_stable_max_jump_m"": 0.05, ""tf_stable_max_jump_rad"": 0.05, ""timeout_s"": 60.0} [제안값]; all checks passed",0,0,,,,,,,,6,0.04271094198347596,0.03795641855682529,0.024168140804292193,0.03048153813697496,0.025340600942611754,0.02733951934878055,0.01529903401710686,0.04244914354014797,0.026722266831814445,5.100000000000023
e2e2_direct_r1,FINAL,F1_exit,SUCCEEDED,F1,31.100000000000023,33.94320056000015,0.916236521215072,623,0.112198590153255,2.3451604766300154,2.34514398895828,1.000007030558385,0,0.0,0,0,0.0266996459017752,0.0037807272995606933,0,0,0,0,0,0,0,0,0,0,0,0,0,"['F1', -8.741165518159065, -0.196249637971719, 0.9227077272995607]","[-8.839156029755543, -0.30901705528612666, 0.9457789466485416]",cabin_direct,simulated operator drive to f1_elevator_exit (not Nav2),1,0,,,,,,,,,,,,,,,,,,
e2e2_direct_r1,FINAL,F1_exit_to_start,SUCCEEDED,F1,65.0,70.96415417799926,0.9159553968185208,1300,0.3721386084561916,4.908957257867895,4.780556977766435,1.026858853622837,1,132.70238192663606,14,0,0.14040048451837345,0.03958613655760157,0,0,0,0,0,0,0,0,0,0,0,0,0,"['F1', -4.515166744549748, 2.0386281056744346, -1.6614138634423985]","[-4.630052584414996, 2.024463920004445, -1.6242262278011277]",nav2,goal f1_initial_test,0,0,,,,,,,,,,,,,,,,,,
e2e2_nav2_r1,FINAL,F1_start_to_locker,SUCCEEDED,F1,121.30000000000001,134.25585553200017,0.9034987674789938,2428,0.4189230025535264,11.107097826047477,10.514789790217506,1.056330944093721,1,12.919334404111225,6,0,0.3321071386455098,0.06244252915114634,0,0,0,0,0,0,0,0,0,0,0,0,0,"['F1', -4.97817982427419, -8.327109101281778, -1.7524425291511463]","[-5.0050009669799165, -8.465638678156886, -1.8293358223191982]",nav2,goal f1_locker,0,0,,,,,,,,,,,,,,,,,,
e2e2_nav2_r1,FINAL,locker_load,MARKED,F1,2.0,2.10329565200027,0.9508886675527362,38,0.9679426610811047,6.617320671191846e-05,6.613313463675252e-05,,0,0.0,0,0,,,0,0,0,0,0,0,0,0,0,0,0,0,0,"['F1', -4.978189849923505, -8.327176242295835, -1.7505683823613765]","[-5.0050009669799165, -8.465638678156886, -1.8293358223191982]",payload,payload=loaded (marker only; arm/lift not simulated),0,0,,,,,,,,,,,,,,,,,,
e2e2_nav2_r1,FINAL,locker_to_F1_elevator_entry,SUCCEEDED,F1,134.29999999999998,148.84777131700048,0.9022640971491729,2687,0.41227016021872487,10.66638622825025,8.935676359103844,1.1936853797735327,4,198.9423976197868,14,0,0.1578651978226597,0.058714438529104296,0,0,0,0,0,0,0,0,0,0,0,0,0,"['F1', -8.569979955077477, -0.14516367388892448, -2.2813794385291044]","[-8.583585205485418, -0.2280368829242293, -2.308342325891312]",nav2,goal f1_elevator_entry,0,0,,,,,,,,,,,,,,,,,,
e2e2_nav2_r1,FINAL,F1_call_wait_open,OPEN,F1,11.600000000000023,12.8306631129999,0.904084215900503,231,0.9619864832441396,0.0007688224334284207,0.0007688141164830141,,0,0.0,0,0,,,0,0,0,0,0,0,0,0,0,0,0,0,0,"['F1', -8.570490007965775, -0.14577101086507763, -2.2782680864641893]","[-8.583585205485418, -0.2280368829242293, -2.308342325891312]",elevator,call F1; boarding starts only after door_state=open (CR-01),0,0,11.600000000000023,,,,,,,,,,,,,,,,,
e2e2_nav2_r1,FINAL,F1_board,SUCCEEDED,F1,41.19999999999999,45.77462449900031,0.9000619983436406,824,0.269253432580103,2.38792744431712,2.3328987323740495,1.0235881271567544,2,156.57553311742066,3,0,0.18467225363314863,0.04207541865722919,0,0,0,0,0,0,0,0,0,0,0,0,0,"['F1', -10.102468263864266, -1.9051677636163205, 0.8768515813427709]","[-10.129060247106379, -1.9530375416996624, 0.8300806356965601]",cabin_nav2,goal f1_elevator_inside,0,0,,,,,,,,,,,,,,,,,,
e2e2_nav2_r1,FINAL,ride_F1_to_F2,ARRIVED,F2,12.100000000000023,13.783485787000245,0.8778621160847436,241,0.4727474495614774,2.269332989845719,2.2691562461090276,1.0000778896283562,0,0.0,0,0,,,0,0,0,0,0,0,0,0,0,0,0,0,0,"['F2', -12.320524681379837, -1.426369913962254, -0.8641642079676513]","[-10.140265939078239, -1.939007736396587, 0.8246185793006232]",elevator_ride,"robot floor F2; cabin-relative before [0.179, 0.045, -0.041]; carry {""from"": ""F1"", ""to"": ""F2"", ""stamp"": 339.5, ""src_map_pose"": [-10.10244091146304, -1.905129893018191, 0.8836231445351016], ""cabin_relative"": [0.17905810666109404, 0.045374761864610286, -0.03530385546489845], ""dst_map_pose"": [-12.320557827867054, -1.426332571477207, -0.8641528554648983]}",0,0,,0.00436895152124344,0.002512414828585108,7.719395617225049e-05,0.005639787558953779,,,,,,,,,,,,,
e2e2_nav2_r1,FINAL,map_switch_F2,READY,F2,0.6999999999999886,0.8650510340003166,0.8092008130005107,14,0.4966827376186441,1.1982169979680543e-05,1.1977356254291584e-05,,0,0.0,0,0,,,0,0,0,0,0,0,0,0,0,2,0,0,0,"['F2', -12.320516838097774, -1.4263791096716867, -0.8641979347086763]","[-10.140265939078239, -1.939007736396587, 0.8246185793006232]",map_switch,"orchestrator {""current_floor"": ""F2"", ""error"": """", ""initialpose_sent"": true, ""map_loaded"": true, ""map_yaml"": ""/ros2_ws/maps/field/f2/f2_nav_unknown_v1.yaml"", ""mode"": ""auto_map_switch"", ""pending"": false, ""phase"": ""ready"", ""spawn_point_id"": ""elevator_inside"", ""target_floor"": ""F2""}",0,0,,,,,,,/ros2_ws/maps/field/f2/f2_nav_unknown_v1.yaml,,,,,,,,,,,
e2e2_nav2_r1,FINAL,relocalize_F2,CONVERGED,F2,5.400000000000034,6.793865055999959,0.7948347450956593,109,0.49661527347478457,0.00010733402103268194,0.00010730500049222877,,0,0.0,0,0,,,0,0,0,0,0,0,0,0,0,0,0,0,0,"['F2', -12.320447236240398, -1.4264609478035202, -0.8644218118015106]","[-12.300878607882998, -1.4846484859232523, -0.828061153266597]",relocalization,"criteria {""min_new_amcl_samples"": 5, ""position_error_max_m"": 0.25, ""yaw_error_max_rad"": 0.15, ""covariance_xy_max_m2"": 0.05, ""covariance_yaw_max_rad2"": 0.05, ""tf_stable_window_s"": 3.0, ""tf_stable_max_jump_m"": 0.05, ""tf_stable_max_jump_rad"": 0.05, ""timeout_s"": 60.0} [제안값]; all checks passed",0,0,,,,,,,,7,0.0613922096073387,0.0363577925360814,0.038365925181551574,0.04124019764598463,0.04242582737342682,0.0928190555618682,0.02519038482194147,0.029655278500625035,0.009447898867281701,5.400000000000034
e2e2_nav2_r1,FINAL,F2_exit,SUCCEEDED,F2,15.799999999999955,19.812764328000412,0.7974657013242007,317,0.15965906120847478,1.2810195877969424,1.2808602892736576,1.0001243683832022,0,0.0,0,0,0.17510434092335617,0.04898736921223101,0,0,0,1,0,0,0,0,1,1,0,0,0,"['F2', -11.519358107504715, -2.4258926490725328, -0.877836369212231]","[-11.563214134091963, -2.3590339482727716, -0.8484053344473104]",cabin_nav2,goal f2_elevator_exit,0,0,,,,,,,,,,,,,,,,,,
e2e2_nav2_r1,FINAL,F2_exit_to_delivery,SUCCEEDED,F2,226.30000000000007,281.1008881839998,0.8050490393750417,4526,0.15965204166527022,21.715963916878486,20.267381176101253,1.0714736022474065,0,0.0,39,0,0.13352877949508032,0.1112395985160104,0,0,0,0,0,0,0,0,0,0,0,0,0,"['F2', -24.62775957009501, -17.88348916050359, -2.5075395985160105]","[-24.50700982995017, -17.813435436147365, -2.5444346695709554]",nav2,goal f2_delivery_left_room4,0,0,,,,,,0.19766497882750964,,,,,,,,,,,,
e2e2_nav2_r1,FINAL,delivery_unload,MARKED,F2,2.0,2.3356688229996507,0.8562857800325655,38,0.818756150243846,4.441181882307398e-05,4.37515532712287e-05,,0,0.0,0,0,,,0,0,0,0,0,0,0,0,0,0,0,0,0,"['F2', -24.627796183707233, -17.883516064351074, -2.5073182978309694]","[-24.50700982995017, -17.813435436147365, -2.5444346695709554]",payload,payload=unloaded (marker only; arm/lift not simulated),0,0,,,,,,,,,,,,,,,,,,
e2e2_nav2_r1,FINAL,delivery_to_F2_staging,SUCCEEDED,F2,225.5,280.6038550969997,0.8036240269117069,4510,0.3265706790774422,20.902323258910783,20.235885682533482,1.0329334523248732,2,137.70677906844222,21,0,0.2775908617954066,0.10314640775357777,0,0,0,0,0,0,0,0,0,0,0,0,0,"['F2', -10.90469618633061, -3.0118134914075774, 2.209597592246422]","[-11.068585754093787, -3.239883658915518, 2.1951797967855295]",nav2,goal f2_elevator_staging_v1,0,0,,,,,,0.34324760588720304,,,,,,,,,,,,
e2e2_nav2_r1,FINAL,staging_to_F2_elevator_entry,SUCCEEDED,F2,11.699999999999932,14.796262138999737,0.7907402484551331,235,0.12640251632113095,0.5993260554492608,0.5949708281490028,1.0073200686390076,1,17.099433272677263,1,0,0.19164950292007493,0.06847784888570851,0,0,0,0,0,0,0,0,0,0,0,0,0,"['F2', -11.186946532155432, -2.48804833967, 2.2442661511142914]","[-11.327735312623243, -2.7036555441481385, 2.102136611051415]",nav2,goal f2_elevator_entry,0,0,,,,,,,,,,,,,,,,,,
e2e2_nav2_r1,FINAL,F2_call_wait_open,OPEN,F2,3.6000000000000227,4.4150765900003535,0.815387893418115,71,0.1258056690308964,0.00015146932541646713,0.0001509738126684483,,0,0.0,0,0,,,0,0,0,0,0,0,0,0,0,0,0,0,0,"['F2', -11.187063074479994, -2.487920659586409, 2.247009544942872]","[-11.327735312623243, -2.7036555441481385, 2.102136611051415]",elevator,call F2; boarding starts only after door_state=open (CR-01),0,0,3.6000000000000227,,,,,,,,,,,,,,,,,
e2e2_nav2_r1,FINAL,F2_board,ABORTED,F2,55.89999999999998,70.06772041299973,0.7977996097276885,1119,0.01923631475714646,0.6777083880946853,0.6775508674383234,1.0002324853585642,1,6.461648708570875,0,0,1.0716709593724063,2.911660732885065,0,0,3,14,651,2,3,0,0,13,8,0,0,"['F2', -11.611642291642724, -1.9598953556155903, 2.5426755742945217]","[-11.677509111448767, -2.118594438049543, 2.407347882822346]",cabin_nav2,Nav2 final status ABORTED (not SUCCEEDED),0,0,,,,,,,,,,,,,,,,,,
e2e2_nav2_r2,FINAL,F1_start_to_locker,SUCCEEDED,F1,119.9,131.495815708,0.9118160859677109,2397,0.41892811249573003,11.106765090629274,10.55142232768679,1.0526320287157185,1,15.859949053490181,6,0,0.2957217089066121,0.09197724183906653,0,0,0,0,0,0,0,0,0,0,0,0,0,"['F1', -4.987062515733285, -8.363419076473805, -1.7819772418390665]","[-5.037837091240174, -8.465194237215748, -1.917789875773972]",nav2,goal f1_locker,0,0,,,,,,,,,,,,,,,,,,
e2e2_nav2_r2,FINAL,locker_load,MARKED,F1,2.0,2.147175676000188,0.9314561553368793,40,0.9805565558629712,7.224098447961185e-05,7.22271081561596e-05,,0,0.0,0,0,,,0,0,0,0,0,0,0,0,0,0,0,0,0,"['F1', -4.987077116311211, -8.363491803092867, -1.7802062288107532]","[-5.037837091240174, -8.465194237215748, -1.917789875773972]",payload,payload=loaded (marker only; arm/lift not simulated),0,0,,,,,,,,,,,,,,,,,,
e2e2_nav2_r2,FINAL,locker_to_F1_elevator_entry,SUCCEEDED,F1,129.79999999999998,142.82617951800057,0.9087969757227954,2596,0.37937373052620416,10.56919092379287,8.905300469289818,1.18684270791772,2,173.22952113328003,6,0,0.233552601183971,0.11638416442925914,0,0,0,0,0,0,0,0,0,0,0,0,0,"['F1', -8.491453526182914, -0.1766917704940006, -2.3390491644292593]","[-8.543157272875966, -0.21478163580305715, -2.3561287185804822]",nav2,goal f1_elevator_entry,0,0,,,,,,,,,,,,,,,,,,
e2e2_nav2_r2,FINAL,F1_call_wait_open,OPEN,F1,11.600000000000023,12.773325080999712,0.9081425491358545,232,0.9441141326918125,0.0006860491441977962,0.0006856718169960649,,0,0.0,0,0,,,0,0,0,0,0,0,0,0,0,0,0,0,0,"['F1', -8.491926190743662, -0.17719241261540866, -2.332130644964197]","[-8.543157272875966, -0.21478163580305715, -2.3561287185804822]",elevator,call F1; boarding starts only after door_state=open (CR-01),0,0,11.600000000000023,,,,,,,,,,,,,,,,,
e2e2_nav2_r2,FINAL,F1_board,SUCCEEDED,F1,41.099999999999966,45.37677419099964,0.9057497085844423,824,0.2575878594241037,2.453343220331946,2.3788078631874487,1.0313330716187497,1,163.1531111065124,1,0,0.16170432826330322,0.0009873973552904092,0,0,0,0,0,0,0,0,0,0,0,0,0,"['F1', -10.095713373255752, -1.9340676736919304, 0.9199143973552905]","[-10.144348631955173, -1.9589352044801538, 0.6812442593136584]",cabin_nav2,goal f1_elevator_inside,0,0,,,,,,,,,,,,,,,,,,
e2e2_nav2_r2,FINAL,ride_F1_to_F2,ARRIVED,F2,12.100000000000023,13.730883739000092,0.8812251439892511,242,0.45283621621824416,2.310767708894259,2.310542639258637,1.000097409860263,0,0.0,0,0,,,0,0,0,0,0,0,0,0,0,0,0,0,0,"['F2', -12.350141592503434, -1.427943429977623, -0.8216772647900843]","[-10.143536689709434, -1.9417113998550195, 0.8195471925259089]",elevator_ride,"robot floor F2; cabin-relative before [0.16, 0.022, 0.001]; carry {""from"": ""F1"", ""to"": ""F2"", ""stamp"": 334.0, ""src_map_pose"": [-10.095674008387128, -1.9340057838898628, 0.9261047667229414], ""cabin_relative"": [0.1602084856482751, 0.02247716726289342, 0.007177766722941348], ""dst_map_pose"": [-12.350174037592193, -1.4279099656536853, -0.8216712332770586]}",0,0,,0.004349285982807577,0.0025908020070635196,0.00011905869115401813,0.005756042322112465,,,,,,,,,,,,,
e2e2_nav2_r2,FINAL,map_switch_F2,READY,F2,0.6000000000000227,0.7720623129998785,0.7771393447100133,12,0.5319354975607108,8.95994761213797e-06,8.95504819348681e-06,,0,0.0,0,0,,,0,0,0,0,0,0,0,0,0,2,0,0,0,"['F2', -12.350134377325489, -1.4279511332535502, -0.821709091256161]","[-10.143536689709434, -1.9417113998550195, 0.8195471925259089]",map_switch,"orchestrator {""current_floor"": ""F2"", ""error"": """", ""initialpose_sent"": true, ""map_loaded"": true, ""map_yaml"": ""/ros2_ws/maps/field/f2/f2_nav_unknown_v1.yaml"", ""mode"": ""auto_map_switch"", ""pending"": false, ""phase"": ""ready"", ""spawn_point_id"": ""elevator_inside"", ""target_floor"": ""F2""}",0,0,,,,,,,/ros2_ws/maps/field/f2/f2_nav_unknown_v1.yaml,,,,,,,,,,,
e2e2_nav2_r2,FINAL,relocalize_F2,CONVERGED,F2,4.899999999999977,6.224431167000148,0.7872205296410278,99,0.5318689569877412,9.240396091426324e-05,9.237519912980924e-05,,0,0.0,0,0,,,0,0,0,0,0,0,0,0,0,0,0,0,0,"['F2', -12.350071226384713, -1.4280192633765332, -0.8219456076480736]","[-12.349638264519747, -1.4910170083127279, -0.842555726692826]",relocalization,"criteria {""min_new_amcl_samples"": 5, ""position_error_max_m"": 0.25, ""yaw_error_max_rad"": 0.15, ""covariance_xy_max_m2"": 0.05, ""covariance_yaw_max_rad2"": 0.05, ""tf_stable_window_s"": 3.0, ""tf_stable_max_jump_m"": 0.05, ""tf_stable_max_jump_rad"": 0.05, ""timeout_s"": 60.0} [제안값]; all checks passed",0,0,,,,,,,,6,0.06301001124659565,0.020638791581092608,0.04879099825379285,0.0407016080932312,0.04016459979842823,0.05427155458434428,0.013150658062102805,0.02991781387985332,0.00890163040333447,4.899999999999977
e2e2_nav2_r2,FINAL,F2_exit,SUCCEEDED,F2,16.30000000000001,20.51532425699952,0.7945280218731466,325,0.1490624069897813,1.3191360377038965,1.3186754726864487,1.0003492633532567,0,0.0,0,0,0.16742982527495165,0.06808178598023762,0,0,0,0,0,0,0,0,0,0,0,0,0,"['F2', -11.421264731489316, -2.3640890898297373, -0.7607672140197623]","[-11.538245839831205, -2.332535471779344, -0.796278398478647]",cabin_nav2,goal f2_elevator_exit,0,0,,,,,,,,,,,,,,,,,,
e2e2_nav2_r2,FINAL,F2_exit_to_delivery,SUCCEEDED,F2,228.59999999999997,287.34360514200034,0.7955632069383612,4573,0.0606078215174255,21.711254599573646,20.35729246973026,1.066509931605916,0,0.0,35,0,0.15363630696625993,0.13998280554481687,0,0,0,0,10,0,0,0,0,0,0,0,0,"['F2', -24.619287501973687, -17.863514653073747, -2.536282805544817]","[-24.59430217770021, -17.88650161705641, -2.563665196133752]",nav2,goal f2_delivery_left_room4,0,0,,,,,,0.20311094427480372,,,,,,,,,,,,
e2e2_nav2_r2,FINAL,delivery_unload,MARKED,F2,2.0,2.356092566999905,0.8488630828909536,39,0.8008767872251561,6.265967351253158e-05,6.265023966452341e-05,,0,0.0,0,0,,,0,0,0,0,0,0,0,0,0,0,0,0,0,"['F2', -24.61934027595764, -17.863551178843327, -2.5360556485414048]","[-24.59430217770021, -17.88650161705641, -2.563665196133752]",payload,payload=unloaded (marker only; arm/lift not simulated),0,0,,,,,,,,,,,,,,,,,,
e2e2_nav2_r2,FINAL,delivery_to_F2_staging,SUCCEEDED,F2,225.5,282.12369017400033,0.7992948052711293,4510,0.33813591455974346,20.975813470695602,20.25523783789332,1.0355747801417685,1,124.12983307742994,25,0,0.31323245337640776,0.13416858772977225,0,0,0,0,0,0,0,0,0,0,0,0,0,"['F2', -10.874916577407888, -2.985197386821949, 2.1785754122702277]","[-11.040141593164545, -3.223286835612396, 2.204342216913601]",nav2,goal f2_elevator_staging_v1,0,0,,,,,,0.34605056538261614,,,,,,,,,,,,
e2e2_nav2_r2,FINAL,staging_to_F2_elevator_entry,SUCCEEDED,F2,11.200000000000045,14.109116184999948,0.7938130109033535,224,0.13066210182610907,0.5868341045160739,0.5833020843060207,1.006055216165146,1,14.663135202191826,1,0,0.22112609405487976,0.11741268772830882,0,0,0,0,0,0,0,0,0,0,0,0,0,"['F2', -11.159380966398771, -2.4759573469229106, 2.195331312271691]","[-11.330266861745159, -2.6985269417078914, 2.1943127069669255]",nav2,goal f2_elevator_entry,0,0,,,,,,,,,,,,,,,,,,
e2e2_nav2_r2,FINAL,F2_call_wait_open,OPEN,F2,3.6000000000000227,4.565053201999945,0.7885997907807223,72,0.1298662677688051,0.0001537062791465882,0.0001526693271596411,,0,0.0,0,0,,,0,0,0,0,0,0,0,0,0,0,0,0,0,"['F2', -11.159473249252187, -2.4758318598336104, 2.198483166579175]","[-11.330266861745159, -2.6985269417078914, 2.1943127069669255]",elevator,call F2; boarding starts only after door_state=open (CR-01),0,0,3.6000000000000227,,,,,,,,,,,,,,,,,
e2e2_nav2_r2,FINAL,F2_board,ABORTED,F2,57.0,72.02512269300041,0.7913905297038725,1142,0.05173517961781071,0.39946980797795983,0.26507169359982796,1.5070255241249157,0,0.0,0,1,2.0129267527311314,3.078579894428687,0,0,2,15,786,2,2,0,0,14,6,0,0,"['F2', -10.961191898338242, -2.6517475808170614, 2.3757564127508997]","[-11.109940072156588, -2.8189356417396376, 2.383868355419619]",cabin_nav2,Nav2 final status ABORTED (not SUCCEEDED),0,0,,,,,,,,,,,,,,,,,,
