name,scenario,floor,params,action_results,truth_samples,min_wall_m,corner_min_wall_m,collision_ahead,lethal_start,rpm_blocks,ready_drops,elapsed_sim_s,elapsed_wall_s,controller_missed,pose_capture_exit,pose_capture_raw_exit,analysis_exit,bag_contract_exit,error
S1_f2_elevator_entry_P0_r1,S1,F2,P0,SUCCEEDED,16189,0.16128513942213796,0.338143525699272,0,0,0,0,807.8000000000001,1037.731595628,2,1,1,0,0,
S1_f2_elevator_entry_P0_r2,S1,F2,P0,SUCCEEDED,16118,0.20762889812079788,0.3268470634416289,0,0,0,0,804.3000000000001,1010.4139979700003,1,1,1,0,0,
S1_f2_elevator_entry_P0_r3,S1,F2,P0,SUCCEEDED,16251,0.1790519786391341,0.3358547670592997,0,0,0,0,811.0,1018.5416509689994,2,1,1,0,0,
S1_f2_elevator_entry_P1_r1,S1,F2,P1,TIMEOUT,18033,0.09228565768294593,0.7281038622417173,0,0,0,0,900.1,1145.4779723369993,1,1,1,0,0,
S1_f2_elevator_entry_P1_r2,S1,F2,P1,SUCCEEDED,11548,0.22069124411218838,0.6281522010574173,0,0,0,0,575.8000000000001,726.0844058430002,0,1,1,0,0,
S1_f2_elevator_entry_P1_r3,S1,F2,P1,SUCCEEDED,16213,0.17993812030491063,0.7723615326364704,0,0,0,0,809.0999999999999,1024.5831063869991,1,1,1,0,0,
S1_f2_elevator_staging_v1_P0_r1,S1,F2,P0,SUCCEEDED,10774,0.32537009554668256,0.34098578419595577,0,0,0,0,537.2,687.6093609729996,0,1,1,0,0,
S1_f2_elevator_staging_v1_P0_r2,S1,F2,P0,SUCCEEDED,10791,0.319462241509259,0.34437492953031246,0,0,0,0,538.1,693.557886052,0,1,1,0,0,
S1_f2_elevator_staging_v1_P0_r3,S1,F2,P0,SUCCEEDED,10798,0.32122344736805664,0.3258195911939275,0,0,0,0,538.4,688.1046366319997,0,1,1,0,0,
S1_f2_elevator_staging_v1_P1_r1,S1,F2,P1,SUCCEEDED,10824,0.5932015490135494,0.7853769059083333,0,0,0,0,539.6,679.1575505439996,0,1,1,0,0,
S1_f2_elevator_staging_v1_P1_r2,S1,F2,P1,SUCCEEDED,10864,0.5881439101899144,0.7799165192223507,0,0,0,0,541.6,681.4133728330007,0,1,1,0,0,
S1_f2_elevator_staging_v1_P1_r3,S1,F2,P1,SUCCEEDED,10826,0.5884592874607607,0.779162838911218,0,0,0,0,539.7,677.8728716879996,0,1,1,0,0,
S2_P0_r1,S2,F1,P0,SUCCEEDED;TIMEOUT,21189,0.27513523993075184,,0,0,0,0,1057.7,1156.643319703,6,1,1,0,0,
S2_P0_r2,S2,F1,P0,SUCCEEDED;TIMEOUT,21014,0.41872761904784384,,0,0,0,0,1048.8999999999999,1168.2378116979999,3,1,1,0,0,
S2_P0_r3,S2,F1,P0,SUCCEEDED;SUCCEEDED;SUCCEEDED,21213,0.348834004703657,,0,0,0,0,1058.8000000000002,1174.0770360299994,5,1,1,0,0,
S2_P1_r1,S2,F1,P1,SUCCEEDED;SUCCEEDED;SUCCEEDED,34511,0.3761182633524061,,0,0,0,0,1723.6999999999998,1882.9229549859992,6,1,1,0,0,
S2_P1_r2,S2,F1,P1,SUCCEEDED;SUCCEEDED;SUCCEEDED,21473,0.3693488016930743,,0,0,0,0,1071.8000000000002,1172.0478708229984,4,1,1,0,0,
S2_P1_r3,S2,F1,P1,SUCCEEDED;SUCCEEDED;SUCCEEDED,26870,0.3780144110864424,,0,0,0,0,1341.6000000000001,1464.9280300110004,6,1,1,0,0,
S3_P0_r1,S3,F1,P0,SUCCEEDED,8728,0.4090214701216139,,0,0,0,0,434.5,476.6377765899997,2,1,1,0,0,
S3_P0_r2,S3,F1,P0,SUCCEEDED,3428,0.4076953497543261,,0,0,0,0,169.5,186.90103988100054,0,1,1,0,0,
S3_P0_r3,S3,F1,P0,TIMEOUT,18037,0.3920019080827888,,0,0,0,0,900.1,1006.2109280369996,6,1,1,0,0,
S3_P1_r1,S3,F1,P1,SUCCEEDED,8166,0.37728506634036835,,0,0,0,0,406.4,445.4291693840005,2,1,1,0,0,
S3_P1_r2,S3,F1,P1,TIMEOUT,18039,0.2936174205042145,,0,0,0,0,900.1,979.4610597449991,6,1,1,0,0,
S3_P1_r3,S3,F1,P1,SUCCEEDED,3220,0.38055068470543785,,0,0,0,0,159.1,174.64578115099994,0,1,1,0,0,
S5_P1_r1,S5,F1,P1,SUCCEEDED;SUCCEEDED;SUCCEEDED,35121,0.3776152450481778,,0,2,0,0,1754.2,1911.201857095999,8,1,1,0,0,
S5_P1_r2,S5,F1,P1,SUCCEEDED;SUCCEEDED;SUCCEEDED,23052,0.37563896845596634,,0,0,0,0,1150.7,1252.9199265629995,5,1,1,0,0,
S5_P1_r3,S5,F1,P1,SUCCEEDED;TIMEOUT,26439,0.3753704655410516,,0,0,0,0,1320.1999999999998,1442.6514992860011,6,1,1,0,0,
S5_v011_r1,S5,F1,v011,SUCCEEDED;SUCCEEDED;SUCCEEDED,28939,0.3751074863104482,,0,0,0,0,1445.1000000000001,1572.807389091,7,1,1,0,0,
S5_v011_r2,S5,F1,v011,SUCCEEDED;SUCCEEDED;SUCCEEDED,13790,0.32220172408966014,,0,0,0,0,687.6,750.7340413479997,2,1,1,0,0,
S5_v011_r3,S5,F1,v011,SUCCEEDED;TIMEOUT,26000,0.2972730876903162,,0,0,0,0,1298.2,1419.38407706,7,1,1,0,0,
S5_v012_r1,S5,F1,v012,SUCCEEDED;SUCCEEDED;TIMEOUT,42324,0.3775602698560965,,0,0,0,0,2114.4,2300.960450331999,13,1,1,0,0,
S5_v012_r2,S5,F1,v012,TIMEOUT,18037,0.3754432765620942,,0,0,0,0,900.1,977.8297540010008,6,1,1,0,0,
S5_v012_r3,S5,F1,v012,SUCCEEDED;SUCCEEDED;SUCCEEDED,29973,0.37643988410236845,,0,0,0,0,1496.8,1628.2770060460007,6,1,1,0,0,
